name,n,p,k,seed,time,ticks,sol_nodes,gap,time_lim,edges,cnnct_cmp,avg_clust,std_dev_clust
wsg_0000,100,0.0001,2,1,0.01,1.27,"50.0
",0.0,False,100,1,0.0,0.0
wsg_0001,100,0.0001,2,2,0.01,1.27,"50.0
",0.0,False,100,1,0.0,0.0
wsg_0002,100,0.0001,2,3,0.01,1.27,"50.0
",0.0,False,100,1,0.0,0.0
wsg_0003,100,0.0001,2,4,0.01,1.27,"50.0
",0.0,False,100,1,0.0,0.0
wsg_0004,100,0.0001,2,5,0.01,1.27,"50.0
",0.0,False,100,1,0.0,0.0
wsg_0005,100,0.0001,5,1,0.01,1.27,"50.0
",0.0,False,100,1,0.0,0.0
wsg_0006,100,0.0001,5,2,0.01,1.27,"50.0
",0.0,False,100,1,0.0,0.0
wsg_0007,100,0.0001,5,3,0.01,1.27,"50.0
",0.0,False,100,1,0.0,0.0
wsg_0008,100,0.0001,5,4,0.01,1.27,"50.0
",0.0,False,100,1,0.0,0.0
wsg_0009,100,0.0001,5,5,0.01,1.27,"50.0
",0.0,False,100,1,0.0,0.0
wsg_0010,100,0.0001,10,1,0.00,1.06,"50.0
",0.0,False,100,1,0.0,0.0
wsg_0011,100,0.0001,10,2,0.01,1.27,"50.0
",0.0,False,100,1,0.0,0.0
wsg_0012,100,0.0001,10,3,0.01,1.27,"50.0
",0.0,False,100,1,0.0,0.0
wsg_0013,100,0.0001,10,4,0.00,0.92,"50.0
",0.0,False,100,1,0.0,0.0
wsg_0014,100,0.0001,10,5,0.00,0.81,"50.0
",0.0,False,100,1,0.0,0.0
wsg_0015,100,0.0001,20,1,0.01,0.57,"49.0
",0.0,False,100,1,0.0,0.0
wsg_0016,100,0.0001,20,2,0.00,1.04,"50.0
",0.0,False,100,1,0.0,0.0
wsg_0017,100,0.0001,20,3,0.01,1.63,"50.0
",0.0,False,100,2,0.0,0.0
wsg_0018,100,0.0001,20,4,0.01,0.62,"50.0
",0.0,False,100,2,0.0,0.0
wsg_0019,100,0.0001,20,5,0.00,0.41,"50.0
",0.0,False,100,3,0.02333333333333333,0.143410831761993
wsg_0020,100,0.0001,30,1,0.00,0.32,"48.0
",0.0,False,100,3,0.016666666666666666,0.10929064207170003
wsg_0021,100,0.0001,30,2,0.00,0.32,"48.0
",0.0,False,100,2,0.015,0.10565930573730309
wsg_0022,100,0.0001,30,3,0.00,0.26,"45.0
",0.0,False,100,1,0.0,0.0
wsg_0023,100,0.0001,30,4,0.00,0.24,"47.0
",0.0,False,100,1,0.0,0.0
wsg_0024,100,0.0001,30,5,0.00,0.22,"46.0
",0.0,False,100,1,0.0,0.0
wsg_0025,100,0.001,2,1,0.00,0.22,"46.0
",0.0,False,100,4,0.023333333333333334,0.14341083176199304
wsg_0026,100,0.001,2,2,0.00,0.21,"45.0
",0.0,False,100,2,0.0,0.0
wsg_0027,100,0.001,2,3,0.00,0.23,"44.0
",0.0,False,100,2,0.0,0.0
wsg_0028,100,0.001,2,4,0.00,0.19,"46.0
",0.0,False,100,1,0.0,0.0
wsg_0029,100,0.001,2,5,0.00,0.23,"45.0
",0.0,False,100,1,0.0,0.0
wsg_0030,100,0.001,5,1,0.00,0.19,"43.0
",0.0,False,100,2,0.015,0.10565930573730309
wsg_0031,100,0.001,5,2,0.00,0.20,"44.0
",0.0,False,100,3,0.03833333333333334,0.17615491919204398
wsg_0032,100,0.001,5,3,0.00,0.18,"43.0
",0.0,False,100,2,0.016666666666666666,0.10929064207170003
wsg_0033,100,0.001,5,4,0.00,0.23,"46.0
",0.0,False,100,2,0.0,0.0
wsg_0034,100,0.001,5,5,0.00,0.18,"44.0
",0.0,False,100,2,0.015,0.10565930573730306
wsg_0035,100,0.001,10,1,0.01,2.08,"67.0
",0.0,False,200,1,0.5,0.0
wsg_0036,100,0.001,10,2,0.01,2.08,"67.0
",0.0,False,200,1,0.5,0.0
wsg_0037,100,0.001,10,3,0.01,2.08,"67.0
",0.0,False,200,1,0.5,0.0
wsg_0038,100,0.001,10,4,0.01,2.08,"67.0
",0.0,False,200,1,0.5,0.0
wsg_0039,100,0.001,10,5,0.01,2.08,"67.0
",0.0,False,200,1,0.5,0.0
wsg_0040,100,0.001,20,1,0.01,2.08,"67.0
",0.0,False,200,1,0.5,0.0
wsg_0041,100,0.001,20,2,0.01,2.08,"67.0
",0.0,False,200,1,0.5,0.0
wsg_0042,100,0.001,20,3,0.01,2.08,"67.0
",0.0,False,200,1,0.5,0.0
wsg_0043,100,0.001,20,4,0.01,2.08,"67.0
",0.0,False,200,1,0.5,0.0
wsg_0044,100,0.001,20,5,0.01,2.08,"67.0
",0.0,False,200,1,0.5,0.0
wsg_0045,100,0.001,30,1,0.01,1.09,"66.0
",0.0,False,200,1,0.47200000000000003,0.07982202425117743
wsg_0046,100,0.001,30,2,0.03,7.61,"67.0
",0.0,False,200,1,0.4963333333333334,0.034926907806000926
wsg_0047,100,0.001,30,3,0.01,1.93,"67.0
",0.0,False,200,1,0.49633333333333335,0.034926907806000926
wsg_0048,100,0.001,30,4,0.03,6.34,"67.0
",0.0,False,200,1,0.48966666666666675,0.04730398150966435
wsg_0049,100,0.001,30,5,0.01,1.27,"66.0
",0.0,False,200,1,0.4793333333333334,0.06528229298805135
wsg_0050,100,0.01,2,1,0.02,4.15,"65.0
",0.0,False,200,1,0.38766666666666666,0.15830034744118537
wsg_0051,100,0.01,2,2,0.01,1.54,"65.0
",0.0,False,200,1,0.389,0.1695782349765965
wsg_0052,100,0.01,2,3,0.01,1.07,"63.0
",0.0,False,200,1,0.37933333333333336,0.18158438503596305
wsg_0053,100,0.01,2,4,0.01,1.49,"64.0
",0.0,False,200,1,0.3916666666666668,0.16236960580382304
wsg_0054,100,0.01,2,5,0.01,1.04,"64.0
",0.0,False,200,1,0.37300000000000005,0.13813801472118786
wsg_0055,100,0.01,5,1,0.02,2.90,"60.0
",0.0,False,200,1,0.24671428571428566,0.1873937431345732
wsg_0056,100,0.01,5,2,0.03,4.39,"61.0
",0.0,False,200,1,0.2671428571428571,0.2338366776977784
wsg_0057,100,0.01,5,3,0.02,3.74,"58.0
",0.0,False,200,1,0.21442857142857144,0.25959802783230423
wsg_0058,100,0.01,5,4,0.04,9.71,"58.0
",0.0,False,200,1,0.11242857142857143,0.15053931014929872
wsg_0059,100,0.01,5,5,0.03,6.24,"60.0
",0.0,False,200,1,0.17599999999999993,0.17864178931282818
wsg_0060,100,0.01,10,1,0.01,1.49,"58.0
",0.0,False,200,1,0.12592857142857145,0.1759183532403675
wsg_0061,100,0.01,10,2,0.09,20.05,"57.99999999999993
",0.0,False,200,1,0.10361904761904761,0.17688168150405137
wsg_0062,100,0.01,10,3,0.01,1.20,"53.0
",0.0,False,200,1,0.09738095238095237,0.2075779502793514
wsg_0063,100,0.01,10,4,0.30,69.88,"58.0
",0.0,False,200,1,0.06884126984126984,0.12509641633030422
wsg_0064,100,0.01,10,5,0.04,8.20,"56.0
",0.0,False,200,1,0.07242857142857143,0.14528733747591016
wsg_0065,100,0.01,20,1,0.27,60.91,"57.0
",0.0,False,200,1,0.026809523809523807,0.07471079539026342
wsg_0066,100,0.01,20,2,0.04,8.85,"55.0
",0.0,False,200,1,0.06403174603174604,0.1803950230009331
wsg_0067,100,0.01,20,3,0.06,13.85,"55.0
",0.0,False,200,1,0.023396825396825395,0.06842553925084338
wsg_0068,100,0.01,20,4,0.10,22.95,"56.0
",0.0,False,200,1,0.03,0.11249691353790803
wsg_0069,100,0.01,20,5,0.06,13.82,"55.0
",0.0,False,200,1,0.02066666666666667,0.066629989911117
wsg_0070,100,0.01,30,1,0.01,3.09,"84.0
",0.0,False,500,1,0.6666666666666669,2.220446049250313e-16
wsg_0071,100,0.01,30,2,0.01,3.09,"84.0
",0.0,False,500,1,0.6666666666666669,2.220446049250313e-16
wsg_0072,100,0.01,30,3,0.01,3.09,"84.0
",0.0,False,500,1,0.6666666666666669,2.220446049250313e-16
wsg_0073,100,0.01,30,4,0.01,3.09,"84.0
",0.0,False,500,1,0.6666666666666669,2.220446049250313e-16
wsg_0074,100,0.01,30,5,0.01,3.09,"84.0
",0.0,False,500,1,0.6666666666666669,2.220446049250313e-16
wsg_0075,100,0.1,2,1,0.01,3.09,"84.0
",0.0,False,500,1,0.6666666666666669,2.220446049250313e-16
wsg_0076,100,0.1,2,2,0.01,3.09,"84.0
",0.0,False,500,1,0.6666666666666669,2.220446049250313e-16
wsg_0077,100,0.1,2,3,0.01,3.09,"84.0
",0.0,False,500,1,0.6666666666666669,2.220446049250313e-16
wsg_0078,100,0.1,2,4,0.01,2.90,"84.0
",0.0,False,500,1,0.6642323232323234,0.016450756364396083
wsg_0079,100,0.1,2,5,0.01,2.44,"83.0
",0.0,False,500,1,0.6627878787878791,0.01841972299699958
wsg_0080,100,0.1,5,1,0.01,1.94,"82.0
",0.0,False,500,1,0.6405454545454546,0.04508910788915401
wsg_0081,100,0.1,5,2,0.01,1.93,"83.0
",0.0,False,500,1,0.6526616161616162,0.0361179166434471
wsg_0082,100,0.1,5,3,0.01,2.12,"83.0
",0.0,False,500,1,0.650429292929293,0.035078829922675664
wsg_0083,100,0.1,5,4,0.01,2.09,"82.0
",0.0,False,500,1,0.6516666666666668,0.03643458986791227
wsg_0084,100,0.1,5,5,0.01,1.94,"82.0
",0.0,False,500,1,0.6504141414141416,0.037760716992409425
wsg_0085,100,0.1,10,1,0.02,4.04,"79.0
",0.0,False,500,1,0.5071197691197691,0.08854400005615688
wsg_0086,100,0.1,10,2,0.02,4.02,"79.0
",0.0,False,500,1,0.4876424131424132,0.10785287410193524
wsg_0087,100,0.1,10,3,0.03,7.41,"78.0
",0.0,False,500,1,0.5050021090021091,0.10417594591869539
wsg_0088,100,0.1,10,4,0.01,2.29,"78.0
",0.0,False,500,1,0.49558702408702404,0.10190062982974955
wsg_0089,100,0.1,10,5,0.04,5.55,"79.0
",0.0,False,500,1,0.5005504495504496,0.10023491194130113
wsg_0090,100,0.1,20,1,0.12,27.51,"75.0
",0.0,False,500,1,0.3194518814518814,0.10731905183332482
wsg_0091,100,0.1,20,2,0.35,89.15,"76.0
",0.0,False,500,1,0.2805188145188145,0.09931301842373405
wsg_0092,100,0.1,20,3,0.41,98.15,"75.0
",0.0,False,500,1,0.28036913086913084,0.10235462692424756
wsg_0093,100,0.1,20,4,0.42,103.09,"74.0
",0.0,False,500,1,0.2587559662559662,0.10328929465738852
wsg_0094,100,0.1,20,5,0.40,103.29,"75.0
",0.0,False,500,1,0.27810417360417367,0.11039918620525288
wsg_0095,100,0.1,30,1,0.39,99.50,"72.0
",0.0,False,500,1,0.16676262626262622,0.07054013523842805
wsg_0096,100,0.1,30,2,0.43,98.42,"72.0
",0.0,False,500,1,0.1533969363969364,0.059622326145278466
wsg_0097,100,0.1,30,3,0.48,125.58,"72.0
",0.0,False,500,1,0.1362710622710623,0.06459758948750709
wsg_0098,100,0.1,30,4,0.54,134.26,"72.0
",0.0,False,500,1,0.14517636285283342,0.06894383768957477
wsg_0099,100,0.1,30,5,0.41,98.57,"72.0
",0.0,False,500,1,0.12862914862914862,0.06806513101203315
wsg_0100,100,0.3,2,1,0.83,258.35,"72.0
",0.0,False,500,1,0.08972399822399822,0.04364786449354593
wsg_0101,100,0.3,2,2,0.40,111.01,"71.0
",0.0,False,500,1,0.09790473415473416,0.046263687219577646
wsg_0102,100,0.3,2,3,1.04,282.04,"71.0
",0.0,False,500,1,0.08729803529803531,0.039210218247513466
wsg_0103,100,0.3,2,4,0.76,219.14,"71.0
",0.0,False,500,1,0.09303096903096902,0.04454887146117268
wsg_0104,100,0.3,2,5,0.66,192.80,"71.0
",0.0,False,500,1,0.08688306138306139,0.04721952555805631
wsg_0105,100,0.3,5,1,0.02,4.87,"91.0
",0.0,False,1000,1,0.7105263157894739,2.220446049250313e-16
wsg_0106,100,0.3,5,2,0.02,4.87,"91.0
",0.0,False,1000,1,0.7105263157894739,2.220446049250313e-16
wsg_0107,100,0.3,5,3,0.02,4.87,"91.0
",0.0,False,1000,1,0.7105263157894739,2.220446049250313e-16
wsg_0108,100,0.3,5,4,0.02,4.87,"91.0
",0.0,False,1000,1,0.7105263157894739,2.220446049250313e-16
wsg_0109,100,0.3,5,5,0.02,4.87,"91.0
",0.0,False,1000,1,0.7105263157894739,2.220446049250313e-16
wsg_0110,100,0.3,10,1,0.02,4.22,"91.0
",0.0,False,1000,1,0.7085104427736008,0.009603563635169919
wsg_0111,100,0.3,10,2,0.02,4.87,"91.0
",0.0,False,1000,1,0.7105263157894739,2.220446049250313e-16
wsg_0112,100,0.3,10,3,0.02,4.87,"91.0
",0.0,False,1000,1,0.7105263157894739,2.220446049250313e-16
wsg_0113,100,0.3,10,4,0.02,4.01,"91.0
",0.0,False,1000,1,0.7078922305764414,0.010484697499610406
wsg_0114,100,0.3,10,5,0.01,3.59,"90.0
",0.0,False,1000,1,0.7060033416875524,0.014110624494571664
wsg_0115,100,0.3,20,1,0.01,3.46,"89.0
",0.0,False,1000,1,0.6894909332153912,0.030195136679373534
wsg_0116,100,0.3,20,2,0.01,3.39,"89.0
",0.0,False,1000,1,0.695951925267715,0.024397839261007623
wsg_0117,100,0.3,20,3,0.01,3.29,"89.0
",0.0,False,1000,1,0.6975914786967418,0.023359692874743845
wsg_0118,100,0.3,20,4,0.03,3.63,"90.0
",0.0,False,1000,1,0.6917117794486214,0.028069522247939783
wsg_0119,100,0.3,20,5,0.01,3.76,"90.0
",0.0,False,1000,1,0.6916267406484125,0.030080356207133913
wsg_0120,100,0.3,30,1,0.37,94.10,"86.0
",0.0,False,1000,1,0.5379807242569727,0.06428376977412427
wsg_0121,100,0.3,30,2,0.11,30.16,"86.0
",0.0,False,1000,1,0.5302388461854474,0.07089322994751178
wsg_0122,100,0.3,30,3,0.02,5.62,"85.0
",0.0,False,1000,1,0.5342534671173789,0.07197991609015257
wsg_0123,100,0.3,30,4,0.18,55.99,"86.0
",0.0,False,1000,1,0.524900044179658,0.06945915114629005
wsg_0124,100,0.3,30,5,0.27,64.90,"86.0
",0.0,False,1000,1,0.5239465487810824,0.06995485934338329
wsg_0125,100,0.5,2,1,0.48,142.19,"84.0
",0.0,False,1000,1,0.35735275083197415,0.07702041705251939
wsg_0126,100,0.5,2,2,0.57,155.77,"82.0
",0.0,False,1000,1,0.34239918095245864,0.06638734042708488
wsg_0127,100,0.5,2,3,0.35,99.87,"83.0
",0.0,False,1000,1,0.32582838378399687,0.05852231304298218
wsg_0128,100,0.5,2,4,0.34,97.99,"83.0
",0.0,False,1000,1,0.3347662406908537,0.054189816408092395
wsg_0129,100,0.5,2,5,0.45,132.69,"83.0
",0.0,False,1000,1,0.32391788871378985,0.06502185392186252
wsg_0130,100,0.5,5,1,0.84,290.22,"82.0
",0.0,False,1000,1,0.24008669397985588,0.033895583438422104
wsg_0131,100,0.5,5,2,0.93,316.18,"82.0
",0.0,False,1000,1,0.2357640473671097,0.0362086525194613
wsg_0132,100,0.5,5,3,1.14,407.80,"82.0
",0.0,False,1000,1,0.22352044577694244,0.03438556733055396
wsg_0133,100,0.5,5,4,0.93,327.38,"82.0
",0.0,False,1000,1,0.23934589479484483,0.042406429309065345
wsg_0134,100,0.5,5,5,0.93,260.82,"81.0
",0.0,False,1000,1,0.23276227202076571,0.037900158242087964
wsg_0135,100,0.5,10,1,1.06,371.55,"81.0
",0.0,False,1000,1,0.19214997930053834,0.02324961656680223
wsg_0136,100,0.5,10,2,1.56,610.73,"82.0
",0.0,False,1000,1,0.1904315339593775,0.027850190287222444
wsg_0137,100,0.5,10,3,1.08,387.34,"81.0
",0.0,False,1000,1,0.19276792067805665,0.026676569959133867
wsg_0138,100,0.5,10,4,0.84,293.62,"80.0
",0.0,False,1000,1,0.19317528522613325,0.029814270723147903
wsg_0139,100,0.5,10,5,1.12,403.34,"81.0
",0.0,False,1000,1,0.19084844031775414,0.027636514101916497
wsg_0140,100,0.5,20,1,0.02,6.52,"94.0
",0.0,False,1500,1,0.7241379310344827,1.1102230246251565e-16
wsg_0141,100,0.5,20,2,0.02,6.52,"94.0
",0.0,False,1500,1,0.7241379310344827,1.1102230246251565e-16
wsg_0142,100,0.5,20,3,0.02,6.52,"94.0
",0.0,False,1500,1,0.7241379310344827,1.1102230246251565e-16
wsg_0143,100,0.5,20,4,0.02,6.52,"94.0
",0.0,False,1500,1,0.7241379310344827,1.1102230246251565e-16
wsg_0144,100,0.5,20,5,0.02,6.52,"94.0
",0.0,False,1500,1,0.7241379310344827,1.1102230246251565e-16
wsg_0145,100,0.5,30,1,0.02,5.66,"94.0
",0.0,False,1500,1,0.7225640129244133,0.006983073959480071
wsg_0146,100,0.5,30,2,0.02,6.18,"94.0
",0.0,False,1500,1,0.7231257481858148,0.0057571045908642
wsg_0147,100,0.5,30,3,0.02,6.52,"94.0
",0.0,False,1500,1,0.7241379310344827,1.1102230246251565e-16
wsg_0148,100,0.5,30,4,0.02,5.70,"94.0
",0.0,False,1500,1,0.7217338842099684,0.00792121504174625
wsg_0149,100,0.5,30,5,0.02,5.31,"93.0
",0.0,False,1500,1,0.7207782721542455,0.01001972240046465
wsg_0150,100,0.9,2,1,0.03,7.67,"92.0
",0.0,False,1500,1,0.7057852897987767,0.02083752163802986
wsg_0151,100,0.9,2,2,0.02,5.78,"92.0
",0.0,False,1500,1,0.7007372411144658,0.025761890830139356
wsg_0152,100,0.9,2,3,0.02,5.04,"93.0
",0.0,False,1500,1,0.711436026802267,0.020048518391757395
wsg_0153,100,0.9,2,4,0.03,6.23,"92.0
",0.0,False,1500,1,0.7099808980878224,0.01986644094933662
wsg_0154,100,0.9,2,5,0.02,6.05,"92.0
",0.0,False,1500,1,0.7065255576109303,0.020908111071209885
wsg_0155,100,0.9,5,1,0.23,64.32,"89.0
",0.0,False,1500,1,0.5695618572324374,0.05151071298299444
wsg_0156,100,0.9,5,2,0.13,38.17,"89.0
",0.0,False,1500,1,0.5733022078129437,0.05270457190268311
wsg_0157,100,0.9,5,3,0.20,58.16,"89.0
",0.0,False,1500,1,0.5726045585676729,0.05486070797150372
wsg_0158,100,0.9,5,4,0.25,71.21,"90.0
",0.0,False,1500,1,0.5649023481013813,0.0497760626657451
wsg_0159,100,0.9,5,5,0.20,54.74,"89.0
",0.0,False,1500,1,0.5581490234988027,0.04900928149463098
wsg_0160,100,0.9,10,1,0.77,197.88,"87.0
",0.0,False,1500,1,0.3977629419685637,0.03488791946572805
wsg_0161,100,0.9,10,2,0.89,256.79,"88.0
",0.0,False,1500,1,0.38822086413167434,0.03745082411667471
wsg_0162,100,0.9,10,3,0.93,260.66,"87.0
",0.0,False,1500,1,0.3823163029909595,0.035301360869344225
wsg_0163,100,0.9,10,4,1.33,419.69,"88.0
",0.0,False,1500,1,0.39186972395203834,0.040594712049773864
wsg_0164,100,0.9,10,5,0.76,202.88,"87.0
",0.0,False,1500,1,0.3853671538570729,0.04114249278401213
wsg_0165,100,0.9,20,1,1.52,567.43,"87.0
",0.0,False,1500,1,0.3124045334467753,0.019896317851288415
wsg_0166,100,0.9,20,2,1.48,494.61,"87.0
",0.0,False,1500,1,0.3221135125019626,0.023317635258303146
wsg_0167,100,0.9,20,3,1.48,493.66,"86.0
",0.0,False,1500,1,0.30865703370477254,0.019700455179933483
wsg_0168,100,0.9,20,4,1.54,562.25,"87.0
",0.0,False,1500,1,0.3227629216736432,0.024630747884441678
wsg_0169,100,0.9,20,5,1.70,566.30,"87.0
",0.0,False,1500,1,0.32006592130676403,0.021590121812486398
wsg_0170,100,0.9,30,1,1.31,466.12,"86.0
",0.0,False,1500,1,0.3003151270660424,0.019967851160755477
wsg_0171,100,0.9,30,2,1.73,580.71,"86.0
",0.0,False,1500,1,0.2963762462207115,0.019037481039673364
wsg_0172,100,0.9,30,3,1.40,496.76,"86.0
",0.0,False,1500,1,0.2966600335659245,0.01809735686927463
wsg_0173,100,0.9,30,4,1.44,487.00,"85.0
",0.0,False,1500,1,0.294334901155654,0.0180492414552575
wsg_0174,100,0.9,30,5,1.59,538.01,"86.0
",0.0,False,1500,1,0.2992053428095014,0.018784669476079142
wsg_0175,150,0.0001,2,1,0.01,2.23,"75.0
",0.0,False,150,1,0.0,0.0
wsg_0176,150,0.0001,2,2,0.01,2.23,"75.0
",0.0,False,150,1,0.0,0.0
wsg_0177,150,0.0001,2,3,0.01,2.23,"75.0
",0.0,False,150,1,0.0,0.0
wsg_0178,150,0.0001,2,4,0.01,2.23,"75.0
",0.0,False,150,1,0.0,0.0
wsg_0179,150,0.0001,2,5,0.01,2.23,"75.0
",0.0,False,150,1,0.0,0.0
wsg_0180,150,0.0001,5,1,0.01,2.23,"75.0
",0.0,False,150,1,0.0,0.0
wsg_0181,150,0.0001,5,2,0.01,2.23,"75.0
",0.0,False,150,1,0.0,0.0
wsg_0182,150,0.0001,5,3,0.01,2.23,"75.0
",0.0,False,150,1,0.0,0.0
wsg_0183,150,0.0001,5,4,0.01,2.23,"75.0
",0.0,False,150,1,0.0,0.0
wsg_0184,150,0.0001,5,5,0.01,2.23,"75.0
",0.0,False,150,1,0.0,0.0
wsg_0185,150,0.0001,10,1,0.01,1.36,"74.0
",0.0,False,150,1,0.0,0.0
wsg_0186,150,0.0001,10,2,0.01,2.23,"75.0
",0.0,False,150,1,0.0,0.0
wsg_0187,150,0.0001,10,3,0.01,2.23,"75.0
",0.0,False,150,1,0.0,0.0
wsg_0188,150,0.0001,10,4,0.01,2.62,"75.0
",0.0,False,150,1,0.0,0.0
wsg_0189,150,0.0001,10,5,0.01,2.24,"75.0
",0.0,False,150,1,0.0,0.0
wsg_0190,150,0.0001,20,1,0.00,0.78,"74.0
",0.0,False,150,1,0.0,0.0
wsg_0191,150,0.0001,20,2,0.01,1.48,"74.0
",0.0,False,150,1,0.0,0.0
wsg_0192,150,0.0001,20,3,0.00,0.73,"72.0
",0.0,False,150,4,0.015555555555555557,0.1176099433102155
wsg_0193,150,0.0001,20,4,0.00,0.65,"74.0
",0.0,False,150,1,0.0,0.0
wsg_0194,150,0.0001,20,5,0.00,0.59,"74.0
",0.0,False,150,3,0.015555555555555557,0.11760994331021546
wsg_0195,150,0.0001,30,1,0.00,0.41,"70.0
",0.0,False,150,1,0.0,0.0
wsg_0196,150,0.0001,30,2,0.00,0.41,"69.0
",0.0,False,150,1,0.0,0.0
wsg_0197,150,0.0001,30,3,0.00,0.39,"71.0
",0.0,False,150,2,0.014444444444444444,0.11536843824551792
wsg_0198,150,0.0001,30,4,0.00,0.38,"71.0
",0.0,False,150,1,0.0,0.0
wsg_0199,150,0.0001,30,5,0.00,0.36,"68.0
",0.0,False,150,2,0.0,0.0
wsg_0200,150,0.001,2,1,0.00,0.31,"68.0
",0.0,False,150,2,0.0,0.0
wsg_0201,150,0.001,2,2,0.00,0.31,"66.0
",0.0,False,150,1,0.0,0.0
wsg_0202,150,0.001,2,3,0.00,0.35,"68.0
",0.0,False,150,3,0.0,0.0
wsg_0203,150,0.001,2,4,0.00,0.35,"68.0
",0.0,False,150,1,0.0,0.0
wsg_0204,150,0.001,2,5,0.00,0.31,"66.0
",0.0,False,150,1,0.0,0.0
wsg_0205,150,0.001,5,1,0.00,0.31,"68.0
",0.0,False,150,2,0.0,0.0
wsg_0206,150,0.001,5,2,0.00,0.28,"65.0
",0.0,False,150,2,0.0,0.0
wsg_0207,150,0.001,5,3,0.00,0.33,"68.0
",0.0,False,150,3,0.021111111111111112,0.12367320537770123
wsg_0208,150,0.001,5,4,0.00,0.27,"69.0
",0.0,False,150,2,0.0,0.0
wsg_0209,150,0.001,5,5,0.00,0.29,"61.0
",0.0,False,150,4,0.0,0.0
wsg_0210,150,0.001,10,1,0.01,2.72,"100.0
",0.0,False,300,1,0.5,0.0
wsg_0211,150,0.001,10,2,0.01,2.72,"100.0
",0.0,False,300,1,0.5,0.0
wsg_0212,150,0.001,10,3,0.01,2.72,"100.0
",0.0,False,300,1,0.5,0.0
wsg_0213,150,0.001,10,4,0.01,2.72,"100.0
",0.0,False,300,1,0.5,0.0
wsg_0214,150,0.001,10,5,0.01,2.72,"100.0
",0.0,False,300,1,0.5,0.0
wsg_0215,150,0.001,20,1,0.01,2.72,"100.0
",0.0,False,300,1,0.5,0.0
wsg_0216,150,0.001,20,2,0.01,2.72,"100.0
",0.0,False,300,1,0.5,0.0
wsg_0217,150,0.001,20,3,0.01,2.72,"100.0
",0.0,False,300,1,0.5,0.0
wsg_0218,150,0.001,20,4,0.01,2.72,"100.0
",0.0,False,300,1,0.5,0.0
wsg_0219,150,0.001,20,5,0.04,8.16,"100.0
",0.0,False,300,1,0.49755555555555553,0.028570035239394564
wsg_0220,150,0.001,30,1,0.01,2.97,"100.0
",0.0,False,300,1,0.47688888888888886,0.07054776859916256
wsg_0221,150,0.001,30,2,0.01,2.14,"100.0
",0.0,False,300,1,0.4951111111111111,0.04025597110835289
wsg_0222,150,0.001,30,3,0.03,6.82,"100.0
",0.0,False,300,1,0.4902222222222222,0.056509149264674687
wsg_0223,150,0.001,30,4,0.01,2.19,"99.0
",0.0,False,300,1,0.4846666666666667,0.06308489283262439
wsg_0224,150,0.001,30,5,0.01,2.05,"100.0
",0.0,False,300,1,0.4862222222222222,0.05418578010356683
wsg_0225,150,0.01,2,1,0.02,5.30,"95.0
",0.0,False,300,1,0.3805079365079365,0.15884346432170998
wsg_0226,150,0.01,2,2,0.01,2.05,"96.0
",0.0,False,300,1,0.37177777777777776,0.1513757486652027
wsg_0227,150,0.01,2,3,0.02,5.09,"95.0
",0.0,False,300,1,0.3582222222222222,0.17325582312555493
wsg_0228,150,0.01,2,4,0.01,2.08,"95.0
",0.0,False,300,1,0.3593333333333334,0.14871648393030476
wsg_0229,150,0.01,2,5,0.01,1.61,"97.0
",0.0,False,300,1,0.3884444444444444,0.15907075838393273
wsg_0230,150,0.01,5,1,0.01,2.42,"90.0
",0.0,False,300,1,0.22730158730158725,0.18255900518848536
wsg_0231,150,0.01,5,2,0.06,14.84,"92.0
",0.0,False,300,1,0.2198730158730159,0.2135689930435117
wsg_0232,150,0.01,5,3,0.03,6.04,"88.0
",0.0,False,300,1,0.18215873015873016,0.21456432446314444
wsg_0233,150,0.01,5,4,0.13,31.43,"90.0
",0.0,False,300,1,0.1688888888888889,0.2045289680349268
wsg_0234,150,0.01,5,5,0.01,1.95,"87.0
",0.0,False,300,1,0.1804126984126984,0.1757751747788382
wsg_0235,150,0.01,10,1,0.27,65.85,"87.0
",0.0,False,300,1,0.09695238095238096,0.1914690630791359
wsg_0236,150,0.01,10,2,0.10,24.32,"85.0
",0.0,False,300,1,0.10969841269841268,0.19838541336202076
wsg_0237,150,0.01,10,3,0.44,105.86,"87.0
",0.0,False,300,1,0.08225396825396826,0.15124366934938654
wsg_0238,150,0.01,10,4,0.22,55.75,"86.0
",0.0,False,300,1,0.08171428571428571,0.1743751006794303
wsg_0239,150,0.01,10,5,0.43,98.62,"86.0
",0.0,False,300,1,0.07904761904761905,0.1702889811838183
wsg_0240,150,0.01,20,1,0.43,104.33,"84.0
",0.0,False,300,1,0.01565079365079365,0.05590818698214183
wsg_0241,150,0.01,20,2,0.09,23.39,"82.0
",0.0,False,300,1,0.016206349206349203,0.047513928949230164
wsg_0242,150,0.01,20,3,0.24,60.30,"82.0
",0.0,False,300,1,0.015904761904761904,0.04638668847551922
wsg_0243,150,0.01,20,4,0.44,107.59,"85.0
",0.0,False,300,1,0.02305820105820106,0.09542221121469623
wsg_0244,150,0.01,20,5,0.28,71.28,"82.0
",0.0,False,300,1,0.007111111111111111,0.030205877933415455
wsg_0245,150,0.01,30,1,0.01,3.89,"125.0
",0.0,False,750,1,0.6666666666666665,1.1102230246251565e-16
wsg_0246,150,0.01,30,2,0.01,3.89,"125.0
",0.0,False,750,1,0.6666666666666665,1.1102230246251565e-16
wsg_0247,150,0.01,30,3,0.01,3.89,"125.0
",0.0,False,750,1,0.6666666666666665,1.1102230246251565e-16
wsg_0248,150,0.01,30,4,0.02,3.89,"125.0
",0.0,False,750,1,0.6666666666666665,1.1102230246251565e-16
wsg_0249,150,0.01,30,5,0.01,3.89,"125.0
",0.0,False,750,1,0.6666666666666665,1.1102230246251565e-16
wsg_0250,150,0.1,2,1,0.02,3.93,"125.0
",0.0,False,750,1,0.6645622895622895,0.01405098754114561
wsg_0251,150,0.1,2,2,0.01,3.89,"125.0
",0.0,False,750,1,0.6666666666666665,1.1102230246251565e-16
wsg_0252,150,0.1,2,3,0.01,3.89,"125.0
",0.0,False,750,1,0.6666666666666665,1.1102230246251565e-16
wsg_0253,150,0.1,2,4,0.01,3.33,"125.0
",0.0,False,750,1,0.6640808080808079,0.015150383796144987
wsg_0254,150,0.1,2,5,0.01,3.41,"125.0
",0.0,False,750,1,0.6615218855218854,0.02216171642463152
wsg_0255,150,0.1,5,1,0.01,2.99,"123.0
",0.0,False,750,1,0.6463703703703704,0.04209954253157763
wsg_0256,150,0.1,5,2,0.01,2.92,"124.0
",0.0,False,750,1,0.6494545454545454,0.04018583840956147
wsg_0257,150,0.1,5,3,0.01,3.04,"124.0
",0.0,False,750,1,0.6532188552188551,0.033717737923089686
wsg_0258,150,0.1,5,4,0.01,3.19,"124.0
",0.0,False,750,1,0.6475589225589224,0.04388488498149856
wsg_0259,150,0.1,5,5,0.02,4.53,"124.0
",0.0,False,750,1,0.6517912457912458,0.034402928596159836
wsg_0260,150,0.1,10,1,0.05,11.83,"117.0
",0.0,False,750,1,0.5022209642209642,0.1145771627347783
wsg_0261,150,0.1,10,2,0.02,4.19,"117.0
",0.0,False,750,1,0.4847030747030747,0.11049176622908741
wsg_0262,150,0.1,10,3,0.10,21.26,"117.0
",0.0,False,750,1,0.483983645983646,0.10521715614212579
wsg_0263,150,0.1,10,4,0.04,10.41,"116.0
",0.0,False,750,1,0.4773462833462834,0.10430177036354411
wsg_0264,150,0.1,10,5,0.03,7.83,"117.0
",0.0,False,750,1,0.4846355866355867,0.10392210111561638
wsg_0265,150,0.1,20,1,0.41,101.60,"111.0
",0.0,False,750,1,0.3006210086210086,0.11249394272166116
wsg_0266,150,0.1,20,2,0.44,105.75,"112.0
",0.0,False,750,1,0.27995289895289893,0.12365967243403878
wsg_0267,150,0.1,20,3,0.40,102.75,"110.0
",0.0,False,750,1,0.23834672734672732,0.0926481424713553
wsg_0268,150,0.1,20,4,0.85,203.52,"111.0
",0.0,False,750,1,0.2588369038369038,0.10677736240930505
wsg_0269,150,0.1,20,5,1.49,389.01,"112.0
",0.0,False,750,1,0.25712276612276613,0.0986714312070551
wsg_0270,150,0.1,30,1,2.07,662.87,"107.0
",0.0,False,750,1,0.12604695304695301,0.06251863540279856
wsg_0271,150,0.1,30,2,1.95,605.99,"107.0
",0.0,False,750,1,0.1223568740627564,0.06566989896845912
wsg_0272,150,0.1,30,3,12.55,4838.47,"109.0
",0.0,False,750,1,0.10879281829281827,0.0623613649671268
wsg_0273,150,0.1,30,4,2.57,863.75,"108.0
",0.0,False,750,1,0.12662463462463464,0.06619144356069111
wsg_0274,150,0.1,30,5,2.17,725.30,"108.0
",0.0,False,750,1,0.12346031746031746,0.06825268729549226
wsg_0275,150,0.3,2,1,9.37,3480.83,"106.0
",0.0,False,750,1,0.07037302784361608,0.0398875604467073
wsg_0276,150,0.3,2,2,11.35,4585.40,"106.0
",0.0,False,750,1,0.06342938542938542,0.03516855671582418
wsg_0277,150,0.3,2,3,10.94,4277.32,"106.0
",0.0,False,750,1,0.06242338271750036,0.03645660842330247
wsg_0278,150,0.3,2,4,10.73,4114.51,"106.0
",0.0,False,750,1,0.06068794168794168,0.034521060593182044
wsg_0279,150,0.3,2,5,15.08,6017.24,"107.0
",0.0,False,750,1,0.07016167601461717,0.0371446844925038
wsg_0280,150,0.3,5,1,0.03,8.35,"137.0
",0.0,False,1500,1,0.7105263157894736,1.1102230246251565e-16
wsg_0281,150,0.3,5,2,0.03,8.35,"137.0
",0.0,False,1500,1,0.7105263157894736,1.1102230246251565e-16
wsg_0282,150,0.3,5,3,0.03,8.35,"137.0
",0.0,False,1500,1,0.7105263157894736,1.1102230246251565e-16
wsg_0283,150,0.3,5,4,0.03,8.35,"137.0
",0.0,False,1500,1,0.7105263157894736,1.1102230246251565e-16
wsg_0284,150,0.3,5,5,0.03,8.35,"137.0
",0.0,False,1500,1,0.7105263157894736,1.1102230246251565e-16
wsg_0285,150,0.3,10,1,0.02,5.77,"136.0
",0.0,False,1500,1,0.7089640768588136,0.008539388968267638
wsg_0286,150,0.3,10,2,0.03,7.48,"137.0
",0.0,False,1500,1,0.7102233361180729,0.00391946791157509
wsg_0287,150,0.3,10,3,0.03,8.35,"137.0
",0.0,False,1500,1,0.7105263157894736,1.1102230246251565e-16
wsg_0288,150,0.3,10,4,0.03,7.13,"136.0
",0.0,False,1500,1,0.7075109997215259,0.011981850286092425
wsg_0289,150,0.3,10,5,0.02,5.54,"136.0
",0.0,False,1500,1,0.7071868560289611,0.012581841741168684
wsg_0290,150,0.3,20,1,0.02,5.28,"134.0
",0.0,False,1500,1,0.6925077726997231,0.02994703694809978
wsg_0291,150,0.3,20,2,0.02,5.99,"134.0
",0.0,False,1500,1,0.684775937169126,0.03262784348437411
wsg_0292,150,0.3,20,3,0.02,5.24,"135.0
",0.0,False,1500,1,0.6923779651148071,0.027245552312328045
wsg_0293,150,0.3,20,4,0.03,8.56,"135.0
",0.0,False,1500,1,0.6912574156722764,0.03108952217218964
wsg_0294,150,0.3,20,5,0.02,5.96,"134.0
",0.0,False,1500,1,0.690672760332203,0.029728303111283733
wsg_0295,150,0.3,30,1,0.29,73.08,"130.0
",0.0,False,1500,1,0.5485444000996834,0.06744589426008266
wsg_0296,150,0.3,30,2,0.37,99.72,"129.0
",0.0,False,1500,1,0.5350441802729459,0.07667747054266745
wsg_0297,150,0.3,30,3,0.14,38.36,"128.0
",0.0,False,1500,1,0.5426665110812371,0.07722418990518899
wsg_0298,150,0.3,30,4,0.17,49.50,"129.0
",0.0,False,1500,1,0.5315199901702122,0.07090507329421095
wsg_0299,150,0.3,30,5,0.37,102.04,"129.0
",0.0,False,1500,1,0.5144846947900118,0.06944667464804798
wsg_0300,150,0.5,2,1,2.20,735.29,"125.0
",0.0,False,1500,1,0.32528993488725616,0.06775847529217685
wsg_0301,150,0.5,2,2,2.22,671.81,"125.0
",0.0,False,1500,1,0.30796519633529995,0.06976474628694737
wsg_0302,150,0.5,2,3,3.23,1252.44,"125.0
",0.0,False,1500,1,0.28552180290756146,0.05946576360299183
wsg_0303,150,0.5,2,4,2.63,902.40,"124.0
",0.0,False,1500,1,0.30762046507706753,0.06310069692612139
wsg_0304,150,0.5,2,5,2.52,843.00,"124.0
",0.0,False,1500,1,0.2759291115359765,0.05554870466370876
wsg_0305,150,0.5,5,1,18.79,8396.86,"122.0
",0.0,False,1500,1,0.1895653049993966,0.04427358881210744
wsg_0306,150,0.5,5,2,12.83,5473.42,"122.0
",0.0,False,1500,1,0.1824645241704514,0.03823994596521756
wsg_0307,150,0.5,5,3,14.19,6473.56,"121.0
",0.0,False,1500,1,0.16765704403782006,0.03328490872746949
wsg_0308,150,0.5,5,4,18.14,7993.65,"123.0
",0.0,False,1500,1,0.18181860629810553,0.03250997477258309
wsg_0309,150,0.5,5,5,14.56,6392.73,"121.0
",0.0,False,1500,1,0.17386227204292892,0.037510954600083225
wsg_0310,150,0.5,10,1,43.77,18430.77,"121.0
",0.0,False,1500,1,0.13005397547667033,0.02087869978062581
wsg_0311,150,0.5,10,2,44.90,19969.48,"121.0
",0.0,False,1500,1,0.13081495827458492,0.024531151420087917
wsg_0312,150,0.5,10,3,47.03,20595.69,"121.0
",0.0,False,1500,1,0.12742560381077903,0.022648516998801025
wsg_0313,150,0.5,10,4,47.25,20042.89,"121.0
",0.0,False,1500,1,0.13309518332405681,0.024377856601919365
wsg_0314,150,0.5,10,5,53.82,23318.03,"121.0
",0.0,False,1500,1,0.12867679536860674,0.02142927531011022
wsg_0315,150,0.5,20,1,0.04,11.83,"141.0
",0.0,False,2250,1,0.724137931034483,2.220446049250313e-16
wsg_0316,150,0.5,20,2,0.04,11.83,"141.0
",0.0,False,2250,1,0.724137931034483,2.220446049250313e-16
wsg_0317,150,0.5,20,3,0.03,9.57,"141.0
",0.0,False,2250,1,0.7233710825079013,0.005038918872445469
wsg_0318,150,0.5,20,4,0.04,11.83,"141.0
",0.0,False,2250,1,0.724137931034483,2.220446049250313e-16
wsg_0319,150,0.5,20,5,0.04,11.83,"141.0
",0.0,False,2250,1,0.724137931034483,2.220446049250313e-16
wsg_0320,150,0.5,30,1,0.03,8.34,"140.0
",0.0,False,2250,1,0.7229945088899484,0.006065554925803039
wsg_0321,150,0.5,30,2,0.03,9.12,"141.0
",0.0,False,2250,1,0.7217881243709944,0.00871939718816033
wsg_0322,150,0.5,30,3,0.04,10.77,"141.0
",0.0,False,2250,1,0.7240009181277258,0.0019329199956210376
wsg_0323,150,0.5,30,4,0.03,8.15,"140.0
",0.0,False,2250,1,0.7212714303370589,0.009649635116338479
wsg_0324,150,0.5,30,5,0.03,8.15,"140.0
",0.0,False,2250,1,0.7209920723202148,0.009974612440395613
wsg_0325,150,0.9,2,1,0.03,8.33,"138.0
",0.0,False,2250,1,0.7073152454324126,0.02307567315551989
wsg_0326,150,0.9,2,2,0.03,7.58,"138.0
",0.0,False,2250,1,0.6960902884451271,0.02974244355287487
wsg_0327,150,0.9,2,3,0.03,7.86,"138.0
",0.0,False,2250,1,0.7029656776194596,0.02431135059931324
wsg_0328,150,0.9,2,4,0.04,11.31,"139.0
",0.0,False,2250,1,0.7063751262916076,0.025736287907443374
wsg_0329,150,0.9,2,5,0.03,8.70,"138.0
",0.0,False,2250,1,0.7020907852738593,0.024313243511842584
wsg_0330,150,0.9,5,1,0.29,96.81,"134.0
",0.0,False,2250,1,0.562988645723579,0.05746450828371345
wsg_0331,150,0.9,5,2,0.25,82.26,"134.0
",0.0,False,2250,1,0.5579158859231957,0.059043201053976875
wsg_0332,150,0.9,5,3,0.63,190.33,"134.0
",0.0,False,2250,1,0.5637709026811363,0.05527510094111955
wsg_0333,150,0.9,5,4,0.34,105.56,"133.0
",0.0,False,2250,1,0.5462541863600905,0.052168976151461724
wsg_0334,150,0.9,5,5,0.31,103.23,"134.0
",0.0,False,2250,1,0.5538532334839856,0.05449641260935827
wsg_0335,150,0.9,10,1,2.99,1096.42,"131.0
",0.0,False,2250,1,0.3526039057862789,0.04475561780151786
wsg_0336,150,0.9,10,2,3.29,1218.42,"131.0
",0.0,False,2250,1,0.3434166375218691,0.04993581248860981
wsg_0337,150,0.9,10,3,4.02,1552.48,"130.0
",0.0,False,2250,1,0.3313131974387923,0.047753953497704095
wsg_0338,150,0.9,10,4,4.73,1872.65,"131.0
",0.0,False,2250,1,0.33707469656424893,0.04797385647510238
wsg_0339,150,0.9,10,5,4.24,1639.51,"131.0
",0.0,False,2250,1,0.32841843632184964,0.045112751821828084
wsg_0340,150,0.9,20,1,18.74,8223.22,"129.0
",0.0,False,2250,1,0.23906114303894355,0.030966309668033393
wsg_0341,150,0.9,20,2,22.49,10061.37,"128.0
",0.0,False,2250,1,0.23637299450902527,0.027956498935017327
wsg_0342,150,0.9,20,3,26.26,11447.88,"128.0
",0.0,False,2250,1,0.22550309098043453,0.024110013378883553
wsg_0343,150,0.9,20,4,22.15,9735.52,"129.0
",0.0,False,2250,1,0.2314145865646644,0.025381183421635166
wsg_0344,150,0.9,20,5,36.34,16257.51,"129.0
",0.0,False,2250,1,0.23727754343904503,0.02976475476127296
wsg_0345,150,0.9,30,1,39.62,18017.39,"128.0
",0.0,False,2250,1,0.19557150866125567,0.01663159230849367
wsg_0346,150,0.9,30,2,29.54,13145.22,"128.0
",0.0,False,2250,1,0.19723392316894267,0.0179159471950092
wsg_0347,150,0.9,30,3,37.40,17221.67,"128.0
",0.0,False,2250,1,0.1944368441496088,0.017223755103314586
wsg_0348,150,0.9,30,4,37.92,16699.35,"128.0
",0.0,False,2250,1,0.19500593925575363,0.01733645520450089
wsg_0349,150,0.9,30,5,33.03,15194.68,"128.0
",0.0,False,2250,1,0.19329937233703562,0.01801551637813376
wsg_0350,200,0.0001,2,1,0.01,3.04,"100.0
",0.0,False,200,1,0.0,0.0
wsg_0351,200,0.0001,2,2,0.01,3.04,"100.0
",0.0,False,200,1,0.0,0.0
wsg_0352,200,0.0001,2,3,0.01,3.04,"100.0
",0.0,False,200,1,0.0,0.0
wsg_0353,200,0.0001,2,4,0.01,3.04,"100.0
",0.0,False,200,1,0.0,0.0
wsg_0354,200,0.0001,2,5,0.01,3.04,"100.0
",0.0,False,200,1,0.0,0.0
wsg_0355,200,0.0001,5,1,0.01,3.04,"100.0
",0.0,False,200,1,0.0,0.0
wsg_0356,200,0.0001,5,2,0.01,3.04,"100.0
",0.0,False,200,1,0.0,0.0
wsg_0357,200,0.0001,5,3,0.01,3.04,"100.0
",0.0,False,200,1,0.0,0.0
wsg_0358,200,0.0001,5,4,0.01,3.04,"100.0
",0.0,False,200,1,0.0,0.0
wsg_0359,200,0.0001,5,5,0.01,3.04,"100.0
",0.0,False,200,1,0.0,0.0
wsg_0360,200,0.0001,10,1,0.01,1.86,"99.0
",0.0,False,200,1,0.0,0.0
wsg_0361,200,0.0001,10,2,0.01,3.70,"100.0
",0.0,False,200,1,0.0,0.0
wsg_0362,200,0.0001,10,3,0.02,5.67,"100.0
",0.0,False,200,1,0.0,0.0
wsg_0363,200,0.0001,10,4,0.02,4.95,"100.0
",0.0,False,200,1,0.0,0.0
wsg_0364,200,0.0001,10,5,0.01,2.34,"99.0
",0.0,False,200,1,0.0,0.0
wsg_0365,200,0.0001,20,1,0.00,0.98,"99.0
",0.0,False,200,1,0.0,0.0
wsg_0366,200,0.0001,20,2,0.00,0.72,"96.0
",0.0,False,200,2,0.0,0.0
wsg_0367,200,0.0001,20,3,0.00,1.01,"97.0
",0.0,False,200,3,0.011666666666666667,0.10207567998521708
wsg_0368,200,0.0001,20,4,0.01,0.94,"98.0
",0.0,False,200,3,0.0075,0.07508791144015423
wsg_0369,200,0.0001,20,5,0.01,0.91,"96.0
",0.0,False,200,4,0.011666666666666667,0.10207567998521706
wsg_0370,200,0.0001,30,1,0.01,0.59,"94.0
",0.0,False,200,2,0.0,0.0
wsg_0371,200,0.0001,30,2,0.00,0.54,"93.0
",0.0,False,200,1,0.0,0.0
wsg_0372,200,0.0001,30,3,0.00,0.55,"94.0
",0.0,False,200,3,0.0,0.0
wsg_0373,200,0.0001,30,4,0.00,0.48,"94.0
",0.0,False,200,2,0.0,0.0
wsg_0374,200,0.0001,30,5,0.00,0.60,"94.0
",0.0,False,200,3,0.015,0.12155245781143217
wsg_0375,200,0.001,2,1,0.01,0.49,"90.0
",0.0,False,200,3,0.0,0.0
wsg_0376,200,0.001,2,2,0.00,0.39,"85.0
",0.0,False,200,1,0.0,0.0
wsg_0377,200,0.001,2,3,0.00,0.45,"93.0
",0.0,False,200,1,0.0,0.0
wsg_0378,200,0.001,2,4,0.00,0.50,"89.0
",0.0,False,200,3,0.011666666666666665,0.10207567998521706
wsg_0379,200,0.001,2,5,0.00,0.41,"88.0
",0.0,False,200,1,0.0,0.0
wsg_0380,200,0.001,5,1,0.00,0.45,"91.0
",0.0,False,200,2,0.008333333333333333,0.07772815877574013
wsg_0381,200,0.001,5,2,0.00,0.35,"86.0
",0.0,False,200,3,0.0075,0.07508791144015423
wsg_0382,200,0.001,5,3,0.00,0.41,"91.0
",0.0,False,200,2,0.0,0.0
wsg_0383,200,0.001,5,4,0.00,0.39,"85.0
",0.0,False,200,2,0.0105,0.09969829487007287
wsg_0384,200,0.001,5,5,0.00,0.37,"87.0
",0.0,False,200,1,0.0,0.0
wsg_0385,200,0.001,10,1,0.02,5.24,"134.0
",0.0,False,400,1,0.5,0.0
wsg_0386,200,0.001,10,2,0.02,5.24,"134.0
",0.0,False,400,1,0.5,0.0
wsg_0387,200,0.001,10,3,0.02,5.24,"134.0
",0.0,False,400,1,0.5,0.0
wsg_0388,200,0.001,10,4,0.02,5.24,"134.0
",0.0,False,400,1,0.5,0.0
wsg_0389,200,0.001,10,5,0.02,5.24,"134.0
",0.0,False,400,1,0.5,0.0
wsg_0390,200,0.001,20,1,0.02,5.24,"134.0
",0.0,False,400,1,0.5,0.0
wsg_0391,200,0.001,20,2,0.02,5.24,"134.0
",0.0,False,400,1,0.5,0.0
wsg_0392,200,0.001,20,3,0.02,5.24,"134.0
",0.0,False,400,1,0.5,0.0
wsg_0393,200,0.001,20,4,0.02,5.24,"134.0
",0.0,False,400,1,0.5,0.0
wsg_0394,200,0.001,20,5,0.01,3.57,"133.0
",0.0,False,400,1,0.49816666666666665,0.024765006673844358
wsg_0395,200,0.001,30,1,0.02,3.36,"133.0
",0.0,False,400,1,0.4756666666666667,0.07300760995342276
wsg_0396,200,0.001,30,2,0.01,2.42,"132.0
",0.0,False,400,1,0.48849999999999993,0.06434261591062505
wsg_0397,200,0.001,30,3,0.04,11.02,"133.0
",0.0,False,400,1,0.48950000000000005,0.05593423717982475
wsg_0398,200,0.001,30,4,0.01,2.50,"133.0
",0.0,False,400,1,0.4885,0.05503508981650808
wsg_0399,200,0.001,30,5,0.01,2.21,"133.0
",0.0,False,400,1,0.48783333333333334,0.05303850802325923
wsg_0400,200,0.01,2,1,0.05,17.81,"128.0
",0.0,False,400,1,0.37438095238095237,0.16246999374103868
wsg_0401,200,0.01,2,2,0.04,8.51,"128.0
",0.0,False,400,1,0.37099999999999994,0.16180612541625927
wsg_0402,200,0.01,2,3,0.01,2.78,"128.0
",0.0,False,400,1,0.37349999999999994,0.16330943702744868
wsg_0403,200,0.01,2,4,0.01,1.96,"124.0
",0.0,False,400,1,0.3814999999999999,0.17797307848848
wsg_0404,200,0.01,2,5,0.01,1.99,"128.0
",0.0,False,400,1,0.38349999999999995,0.1660989497592056
wsg_0405,200,0.01,5,1,0.06,15.91,"122.0
",0.0,False,400,1,0.21840476190476188,0.1910045810968941
wsg_0406,200,0.01,5,2,0.14,38.26,"121.0
",0.0,False,400,1,0.19466666666666668,0.18881031045293403
wsg_0407,200,0.01,5,3,0.10,24.94,"120.0
",0.0,False,400,1,0.17823809523809522,0.18221567794232707
wsg_0408,200,0.01,5,4,0.08,20.70,"117.99999999999974
",0.0,False,400,1,0.1742142857142857,0.21682374081382064
wsg_0409,200,0.01,5,5,0.14,48.47,"119.0
",0.0,False,400,1,0.18266666666666664,0.18345329408629082
wsg_0410,200,0.01,10,1,0.05,12.53,"113.0
",0.0,False,400,1,0.08394047619047619,0.1631835001878563
wsg_0411,200,0.01,10,2,0.15,40.67,"114.0
",0.0,False,400,1,0.08983333333333335,0.17265528519471662
wsg_0412,200,0.01,10,3,0.41,104.68,"114.0
",0.0,False,400,1,0.06134523809523809,0.13533970392750116
wsg_0413,200,0.01,10,4,0.40,101.63,"115.0
",0.0,False,400,1,0.07217857142857143,0.12881625224482984
wsg_0414,200,0.01,10,5,0.40,102.63,"113.0
",0.0,False,400,1,0.05453174603174602,0.12674771122323092
wsg_0415,200,0.01,20,1,0.27,66.95,"109.0
",0.0,False,400,1,0.025857142857142853,0.07086205500126472
wsg_0416,200,0.01,20,2,0.91,221.58,"112.0
",0.0,False,400,1,0.017817460317460315,0.08392123499774948
wsg_0417,200,0.01,20,3,0.40,103.45,"112.0
",0.0,False,400,1,0.023023809523809523,0.10928729898218209
wsg_0418,200,0.01,20,4,0.39,97.32,"111.0
",0.0,False,400,1,0.019547619047619046,0.06430581255489018
wsg_0419,200,0.01,20,5,0.38,97.72,"110.0
",0.0,False,400,1,0.020404761904761905,0.0649561643570636
wsg_0420,200,0.01,30,1,0.03,6.73,"167.0
",0.0,False,1000,1,0.6666666666666665,1.1102230246251565e-16
wsg_0421,200,0.01,30,2,0.03,6.73,"167.0
",0.0,False,1000,1,0.6666666666666665,1.1102230246251565e-16
wsg_0422,200,0.01,30,3,0.03,6.73,"167.0
",0.0,False,1000,1,0.6666666666666665,1.1102230246251565e-16
wsg_0423,200,0.01,30,4,0.03,6.73,"167.0
",0.0,False,1000,1,0.6666666666666665,1.1102230246251565e-16
wsg_0424,200,0.01,30,5,0.03,6.73,"167.0
",0.0,False,1000,1,0.6666666666666665,1.1102230246251565e-16
wsg_0425,200,0.1,2,1,0.04,11.75,"167.0
",0.0,False,1000,1,0.6650404040404041,0.011158205978430208
wsg_0426,200,0.1,2,2,0.03,6.73,"167.0
",0.0,False,1000,1,0.6666666666666665,1.1102230246251565e-16
wsg_0427,200,0.1,2,3,0.03,6.73,"167.0
",0.0,False,1000,1,0.6666666666666665,1.1102230246251565e-16
wsg_0428,200,0.1,2,4,0.07,19.96,"167.0
",0.0,False,1000,1,0.6637752525252526,0.015113330461111895
wsg_0429,200,0.1,2,5,0.02,4.55,"166.0
",0.0,False,1000,1,0.6624267676767677,0.01935924516028986
wsg_0430,200,0.1,5,1,0.02,3.75,"165.0
",0.0,False,1000,1,0.6461944444444444,0.04262969962865734
wsg_0431,200,0.1,5,2,0.03,6.03,"165.0
",0.0,False,1000,1,0.6526919191919193,0.038936973748630754
wsg_0432,200,0.1,5,3,0.02,4.01,"166.0
",0.0,False,1000,1,0.652989898989899,0.0364970322621231
wsg_0433,200,0.1,5,4,0.02,4.32,"166.0
",0.0,False,1000,1,0.6474065656565657,0.04385565216088439
wsg_0434,200,0.1,5,5,0.02,3.81,"165.0
",0.0,False,1000,1,0.6425707070707071,0.044787831802438414
wsg_0435,200,0.1,10,1,0.17,42.87,"156.99999999999986
",0.0,False,1000,1,0.5055513653013652,0.10735762677741377
wsg_0436,200,0.1,10,2,0.02,5.39,"155.0
",0.0,False,1000,1,0.48566244866244856,0.09877859355485587
wsg_0437,200,0.1,10,3,0.21,57.19,"157.0
",0.0,False,1000,1,0.4765598845598846,0.11784522535947428
wsg_0438,200,0.1,10,4,0.02,5.13,"156.0
",0.0,False,1000,1,0.47314035964035966,0.11368774034025149
wsg_0439,200,0.1,10,5,0.12,31.33,"157.0
",0.0,False,1000,1,0.47796270396270396,0.10187129381844207
wsg_0440,200,0.1,20,1,0.79,202.53,"149.0
",0.0,False,1000,1,0.2922342102342102,0.10327586835268185
wsg_0441,200,0.1,20,2,1.49,401.52,"149.0
",0.0,False,1000,1,0.252520868020868,0.11335225995958004
wsg_0442,200,0.1,20,3,2.51,820.60,"148.0
",0.0,False,1000,1,0.24656268731268732,0.09510517608529619
wsg_0443,200,0.1,20,4,3.21,1048.60,"149.0
",0.0,False,1000,1,0.24448368298368298,0.09780894484259765
wsg_0444,200,0.1,20,5,1.25,329.88,"147.0
",0.0,False,1000,1,0.2495979020979021,0.11303630701299926
wsg_0445,200,0.1,30,1,40.28,14927.82,"144.0
",0.0,False,1000,1,0.12222621822621821,0.07131336955272115
wsg_0446,200,0.1,30,2,61.09,23644.01,"145.0
",0.0,False,1000,1,0.11985669885669886,0.07782896767824753
wsg_0447,200,0.1,30,3,197.38,86082.42,"144.0
",0.0,False,1000,1,0.0971002331002331,0.05686688770650356
wsg_0448,200,0.1,30,4,18.10,7078.52,"143.0
",0.0,False,1000,1,0.10980502375161816,0.0627909131272395
wsg_0449,200,0.1,30,5,50.29,20569.30,"144.0
",0.0,False,1000,1,0.11514732489732488,0.06563497225453116
wsg_0450,200,0.3,2,1,247.81,110080.08,"139.0
",0.0,False,1000,1,0.042841486944428124,0.031056980755389513
wsg_0451,200,0.3,2,2,265.52,122023.44,"140.0
",0.0,False,1000,1,0.045141847187899826,0.03243720839890515
wsg_0452,200,0.3,2,3,296.45,125773.67,"141.0
",0.0,False,1000,1,0.051379795857737026,0.031512071399375736
wsg_0453,200,0.3,2,4,252.67,115528.56,"141.0
",0.0,False,1000,1,0.04255867743367743,0.02992295584330201
wsg_0454,200,0.3,2,5,102.66,37973.71,"139.0
",0.0,False,1000,1,0.044301573426573426,0.04068375883636218
wsg_0455,200,0.3,5,1,0.05,11.36,"182.0
",0.0,False,2000,1,0.7105263157894737,0.0
wsg_0456,200,0.3,5,2,0.04,11.36,"182.0
",0.0,False,2000,1,0.7105263157894737,0.0
wsg_0457,200,0.3,5,3,0.08,23.44,"182.0
",0.0,False,2000,1,0.7097639933166249,0.006296393248766336
wsg_0458,200,0.3,5,4,0.04,11.36,"182.0
",0.0,False,2000,1,0.7105263157894737,0.0
wsg_0459,200,0.3,5,5,0.04,11.36,"182.0
",0.0,False,2000,1,0.7105263157894737,0.0
wsg_0460,200,0.3,10,1,0.03,7.94,"181.0
",0.0,False,2000,1,0.7082648287385129,0.01023079593653719
wsg_0461,200,0.3,10,2,0.04,10.38,"182.0
",0.0,False,2000,1,0.7101353383458647,0.0034958264592438344
wsg_0462,200,0.3,10,3,0.04,10.10,"182.0
",0.0,False,2000,1,0.7097639933166249,0.006296393248766336
wsg_0463,200,0.3,10,4,0.03,9.01,"182.0
",0.0,False,2000,1,0.7092727652464496,0.007750227800353429
wsg_0464,200,0.3,10,5,0.03,7.67,"181.0
",0.0,False,2000,1,0.7071750208855471,0.012569982648519334
wsg_0465,200,0.3,20,1,0.03,8.25,"179.0
",0.0,False,2000,1,0.6967740183792815,0.0239319015310635
wsg_0466,200,0.3,20,2,0.02,6.90,"179.0
",0.0,False,2000,1,0.6800808594570205,0.04006162650104376
wsg_0467,200,0.3,20,3,0.02,7.13,"179.0
",0.0,False,2000,1,0.6952021720969089,0.026970748524449452
wsg_0468,200,0.3,20,4,0.03,7.15,"179.0
",0.0,False,2000,1,0.6921999048423197,0.028938703938796415
wsg_0469,200,0.3,20,5,0.05,14.32,"179.0
",0.0,False,2000,1,0.688422305764411,0.029979576599805914
wsg_0470,200,0.3,30,1,0.20,58.27,"172.0
",0.0,False,2000,1,0.5436790949560603,0.0723767137189759
wsg_0471,200,0.3,30,2,0.38,103.49,"171.0
",0.0,False,2000,1,0.5236473507535224,0.07622986154600421
wsg_0472,200,0.3,30,3,0.23,67.00,"172.0
",0.0,False,2000,1,0.5352352900871881,0.07436725624545366
wsg_0473,200,0.3,30,4,0.69,200.27,"171.0
",0.0,False,2000,1,0.5190793387599821,0.0798838645584989
wsg_0474,200,0.3,30,5,0.87,251.30,"171.0
",0.0,False,2000,1,0.511537072890317,0.06895508766817146
wsg_0475,200,0.5,2,1,12.77,5191.06,"166.0
",0.0,False,2000,1,0.3098211811367317,0.06924877949920431
wsg_0476,200,0.5,2,2,15.16,6305.74,"165.0
",0.0,False,2000,1,0.2781086220404534,0.07167786447123702
wsg_0477,200,0.5,2,3,39.32,15423.52,"166.0
",0.0,False,2000,1,0.2773164783351585,0.06386600836088564
wsg_0478,200,0.5,2,4,18.19,7340.76,"165.0
",0.0,False,2000,1,0.28894566591544985,0.060571533000708985
wsg_0479,200,0.5,2,5,31.56,12416.19,"167.0
",0.0,False,2000,1,0.2849922398240846,0.0673195139817652
wsg_0480,200,0.5,5,1,729.91,315738.67,"163.0
",0.0,False,2000,1,0.1621106746777956,0.04543261520997679
wsg_0481,200,0.5,5,2,466.86,200768.27,"163.0
",0.0,False,2000,1,0.1614049707897433,0.03840816771943899
wsg_0482,200,0.5,5,3,87.75,41916.38,"160.0
",0.0,False,2000,1,0.14432031320147826,0.038008234330783645
wsg_0483,200,0.5,5,4,335.15,141887.58,"162.0
",0.0,False,2000,1,0.15659496117468927,0.04201501556918686
wsg_0484,200,0.5,5,5,606.50,260148.89,"163.0
",0.0,False,2000,1,0.15853033692687415,0.036670676186751267
wsg_0485,200,0.5,10,1,1119.94,510181.70,"160.0
",0.0,False,2000,1,0.09987438169205459,0.02103051653169725
wsg_0486,200,0.5,10,2,1173.26,555335.44,"160.0
",0.0,False,2000,1,0.09695264800470473,0.025240719485560264
wsg_0487,200,0.5,10,3,1800.01,834071.64,"161.0
",0.016380465229560024,True,2000,1,0.0965761655636706,0.020580621303342483
wsg_0488,200,0.5,10,4,1801.96,799728.88,"161.0
",0.020662317800168403,True,2000,1,0.09944324581146159,0.02178120859238098
wsg_0489,200,0.5,10,5,1801.74,821271.23,"161.0
",0.01875298614427852,True,2000,1,0.09722343932023567,0.022579522412909357
wsg_0490,200,0.5,20,1,0.05,13.90,"188.0
",0.0,False,3000,1,0.7241379310344829,1.1102230246251565e-16
wsg_0491,200,0.5,20,2,0.08,29.94,"188.0
",0.0,False,3000,1,0.7236334021929128,0.0042534960540573374
wsg_0492,200,0.5,20,3,0.05,13.80,"188.0
",0.0,False,3000,1,0.7234568833094974,0.0046451623557134895
wsg_0493,200,0.5,20,4,0.04,13.90,"188.0
",0.0,False,3000,1,0.7241379310344829,1.1102230246251565e-16
wsg_0494,200,0.5,20,5,0.04,13.90,"188.0
",0.0,False,3000,1,0.7241379310344829,1.1102230246251565e-16
wsg_0495,200,0.5,30,1,0.05,11.95,"187.0
",0.0,False,3000,1,0.7220892790931722,0.008123781746041076
wsg_0496,200,0.5,30,2,0.03,10.83,"187.0
",0.0,False,3000,1,0.7218145558557125,0.00817998838645647
wsg_0497,200,0.5,30,3,0.05,14.21,"188.0
",0.0,False,3000,1,0.7229170506912443,0.006277696854283125
wsg_0498,200,0.5,30,4,0.03,10.37,"187.0
",0.0,False,3000,1,0.7223722831364655,0.007822367805861307
wsg_0499,200,0.5,30,5,0.04,10.69,"186.0
",0.0,False,3000,1,0.7216373218920495,0.008943894997114602
wsg_0500,200,0.9,2,1,0.04,10.84,"183.0
",0.0,False,3000,1,0.7095090841675935,0.020383143552216612
wsg_0501,200,0.9,2,2,0.07,21.90,"184.0
",0.0,False,3000,1,0.6941177875702347,0.030144872028395057
wsg_0502,200,0.9,2,3,0.04,11.28,"185.0
",0.0,False,3000,1,0.7078435772992919,0.02421009533324603
wsg_0503,200,0.9,2,4,0.04,11.90,"185.0
",0.0,False,3000,1,0.7027658299786357,0.025340036575133767
wsg_0504,200,0.9,2,5,0.04,11.02,"183.0
",0.0,False,3000,1,0.7054330175062238,0.024831784600086042
wsg_0505,200,0.9,5,1,0.95,289.76,"178.0
",0.0,False,3000,1,0.5503668072031654,0.0619764953896122
wsg_0506,200,0.9,5,2,1.10,331.47,"178.0
",0.0,False,3000,1,0.5299978338743176,0.060085846254524636
wsg_0507,200,0.9,5,3,0.77,249.00,"179.0
",0.0,False,3000,1,0.5552704624600138,0.05792825964809642
wsg_0508,200,0.9,5,4,1.03,334.46,"178.0
",0.0,False,3000,1,0.5380280369786463,0.06104479089234771
wsg_0509,200,0.9,5,5,0.39,121.71,"178.0
",0.0,False,3000,1,0.5406109238790429,0.057642386282764836
wsg_0510,200,0.9,10,1,12.34,5203.18,"174.0
",0.0,False,3000,1,0.33030143276020324,0.05006788034334757
wsg_0511,200,0.9,10,2,26.86,11829.20,"173.0
",0.0,False,3000,1,0.30651528675681283,0.053878695768522375
wsg_0512,200,0.9,10,3,41.80,18378.81,"174.0
",0.0,False,3000,1,0.3031728517626049,0.04925117684774755
wsg_0513,200,0.9,10,4,31.85,14258.02,"173.0
",0.0,False,3000,1,0.2972070345229659,0.04695989429945548
wsg_0514,200,0.9,10,5,49.91,22636.38,"174.0
",0.0,False,3000,1,0.3001957266782248,0.05270648227489117
wsg_0515,200,0.9,20,1,851.40,351187.50,"172.0
",0.0,False,3000,1,0.19774439797087015,0.028208588079791846
wsg_0516,200,0.9,20,2,808.34,350832.88,"172.0
",0.0,False,3000,1,0.19824198332891144,0.02749236983882075
wsg_0517,200,0.9,20,3,757.30,334811.63,"171.0
",0.0,False,3000,1,0.18716127418418999,0.025047013383455857
wsg_0518,200,0.9,20,4,768.10,327929.05,"171.0
",0.0,False,3000,1,0.19469436566981668,0.029837421042330538
wsg_0519,200,0.9,20,5,822.41,340927.60,"172.0
",0.0,False,3000,1,0.20120119964516534,0.027735483117551477
wsg_0520,200,0.9,30,1,1800.01,760391.60,"170.0
",0.01508021390373444,True,3000,1,0.14698113473810254,0.017425371798230328
wsg_0521,200,0.9,30,2,1578.96,671124.00,"170.0
",0.0,False,3000,1,0.14580800162528665,0.016441093981755747
wsg_0522,200,0.9,30,3,1802.21,802555.49,"171.0
",0.023980539423091526,True,3000,1,0.14757759621322625,0.01689736701156303
wsg_0523,200,0.9,30,4,1800.01,767990.46,"171.0
",0.024051140924191444,True,3000,1,0.14197253872122187,0.01657727546422541
wsg_0524,200,0.9,30,5,1800.01,715383.09,"170.0
",0.011500330469258272,True,3000,1,0.1473136719480319,0.016834181389862184
wsg_0525,250,0.0001,2,1,0.01,2.76,"125.0
",0.0,False,250,1,0.0,0.0
wsg_0526,250,0.0001,2,2,0.01,2.76,"125.0
",0.0,False,250,1,0.0,0.0
wsg_0527,250,0.0001,2,3,0.01,2.76,"125.0
",0.0,False,250,1,0.0,0.0
wsg_0528,250,0.0001,2,4,0.01,2.76,"125.0
",0.0,False,250,1,0.0,0.0
wsg_0529,250,0.0001,2,5,0.01,2.76,"125.0
",0.0,False,250,1,0.0,0.0
wsg_0530,250,0.0001,5,1,0.01,2.76,"125.0
",0.0,False,250,1,0.0,0.0
wsg_0531,250,0.0001,5,2,0.01,2.76,"125.0
",0.0,False,250,1,0.0,0.0
wsg_0532,250,0.0001,5,3,0.01,2.76,"125.0
",0.0,False,250,1,0.0,0.0
wsg_0533,250,0.0001,5,4,0.01,2.76,"125.0
",0.0,False,250,1,0.0,0.0
wsg_0534,250,0.0001,5,5,0.03,7.34,"125.0
",0.0,False,250,1,0.0,0.0
wsg_0535,250,0.0001,10,1,0.01,2.63,"124.0
",0.0,False,250,1,0.0,0.0
wsg_0536,250,0.0001,10,2,0.02,4.24,"125.0
",0.0,False,250,1,0.0,0.0
wsg_0537,250,0.0001,10,3,0.02,5.39,"125.0
",0.0,False,250,1,0.0,0.0
wsg_0538,250,0.0001,10,4,0.01,3.24,"125.0
",0.0,False,250,1,0.0,0.0
wsg_0539,250,0.0001,10,5,0.01,3.58,"125.0
",0.0,False,250,1,0.0,0.0
wsg_0540,250,0.0001,20,1,0.00,1.04,"121.0
",0.0,False,250,1,0.0,0.0
wsg_0541,250,0.0001,20,2,0.01,1.15,"123.0
",0.0,False,250,2,0.0,0.0
wsg_0542,250,0.0001,20,3,0.00,1.02,"122.0
",0.0,False,250,2,0.009333333333333334,0.09141845182091708
wsg_0543,250,0.0001,20,4,0.01,2.33,"123.0
",0.0,False,250,3,0.0,0.0
wsg_0544,250,0.0001,20,5,0.01,1.76,"123.0
",0.0,False,250,4,0.0,0.0
wsg_0545,250,0.0001,30,1,0.00,0.67,"116.0
",0.0,False,250,1,0.0,0.0
wsg_0546,250,0.0001,30,2,0.01,0.78,"117.0
",0.0,False,250,2,0.0,0.0
wsg_0547,250,0.0001,30,3,0.00,0.66,"118.0
",0.0,False,250,1,0.0,0.0
wsg_0548,250,0.0001,30,4,0.00,0.67,"117.0
",0.0,False,250,2,0.0,0.0
wsg_0549,250,0.0001,30,5,0.00,0.76,"116.0
",0.0,False,250,1,0.0,0.0
wsg_0550,250,0.001,2,1,0.00,0.58,"117.0
",0.0,False,250,2,0.0,0.0
wsg_0551,250,0.001,2,2,0.00,0.55,"106.0
",0.0,False,250,3,0.0,0.0
wsg_0552,250,0.001,2,3,0.00,0.54,"113.0
",0.0,False,250,2,0.0,0.0
wsg_0553,250,0.001,2,4,0.00,0.60,"108.0
",0.0,False,250,2,0.0,0.0
wsg_0554,250,0.001,2,5,0.00,0.67,"114.0
",0.0,False,250,1,0.0,0.0
wsg_0555,250,0.001,5,1,0.00,0.47,"105.0
",0.0,False,250,2,0.0026666666666666666,0.025681813712344296
wsg_0556,250,0.001,5,2,0.00,0.51,"111.0
",0.0,False,250,3,0.0,0.0
wsg_0557,250,0.001,5,3,0.00,0.46,"110.0
",0.0,False,250,3,0.006666666666666666,0.069602043392737
wsg_0558,250,0.001,5,4,0.00,0.51,"108.0
",0.0,False,250,1,0.0,0.0
wsg_0559,250,0.001,5,5,0.00,0.51,"108.0
",0.0,False,250,2,0.009333333333333332,0.09141845182091707
wsg_0560,250,0.001,10,1,0.02,4.96,"167.0
",0.0,False,500,1,0.5,0.0
wsg_0561,250,0.001,10,2,0.02,4.96,"167.0
",0.0,False,500,1,0.5,0.0
wsg_0562,250,0.001,10,3,0.02,4.96,"167.0
",0.0,False,500,1,0.5,0.0
wsg_0563,250,0.001,10,4,0.02,4.96,"167.0
",0.0,False,500,1,0.5,0.0
wsg_0564,250,0.001,10,5,0.02,4.96,"167.0
",0.0,False,500,1,0.5,0.0
wsg_0565,250,0.001,20,1,0.02,4.96,"167.0
",0.0,False,500,1,0.5,0.0
wsg_0566,250,0.001,20,2,0.02,4.96,"167.0
",0.0,False,500,1,0.5,0.0
wsg_0567,250,0.001,20,3,0.02,4.96,"167.0
",0.0,False,500,1,0.5,0.0
wsg_0568,250,0.001,20,4,0.06,15.73,"167.0
",0.0,False,500,1,0.49853333333333333,0.022162631211618856
wsg_0569,250,0.001,20,5,0.01,2.80,"166.0
",0.0,False,500,1,0.4958666666666667,0.030342928885216957
wsg_0570,250,0.001,30,1,0.01,2.80,"165.0
",0.0,False,500,1,0.4749333333333333,0.0744348783240163
wsg_0571,250,0.001,30,2,0.01,3.26,"166.0
",0.0,False,500,1,0.4888,0.052314264041676266
wsg_0572,250,0.001,30,3,0.01,3.33,"166.0
",0.0,False,500,1,0.4930666666666666,0.045273686250035645
wsg_0573,250,0.001,30,4,0.02,3.94,"166.0
",0.0,False,500,1,0.486,0.06185646467607264
wsg_0574,250,0.001,30,5,0.02,3.79,"166.0
",0.0,False,500,1,0.486,0.06185646467607264
wsg_0575,250,0.01,2,1,0.01,2.71,"160.0
",0.0,False,500,1,0.3908380952380952,0.1755704808374591
wsg_0576,250,0.01,2,2,0.06,9.56,"158.0
",0.0,False,500,1,0.3658666666666667,0.1680457080677754
wsg_0577,250,0.01,2,3,0.01,2.86,"158.0
",0.0,False,500,1,0.36493333333333333,0.16672431003172739
wsg_0578,250,0.01,2,4,0.02,2.98,"154.0
",0.0,False,500,1,0.3624,0.1688642321182579
wsg_0579,250,0.01,2,5,0.01,2.63,"159.0
",0.0,False,500,1,0.37639999999999996,0.16386558177020852
wsg_0580,250,0.01,5,1,0.23,86.19,"149.0
",0.0,False,500,1,0.2081047619047619,0.2025515357281952
wsg_0581,250,0.01,5,2,0.32,80.51,"148.0
",0.0,False,500,1,0.17971428571428572,0.20666712749564595
wsg_0582,250,0.01,5,3,0.14,49.11,"147.0
",0.0,False,500,1,0.19756190476190477,0.21524103748515774
wsg_0583,250,0.01,5,4,0.42,102.17,"148.0
",0.0,False,500,1,0.1758190476190476,0.19357871572999305
wsg_0584,250,0.01,5,5,0.19,52.42,"151.0
",0.0,False,500,1,0.17106666666666667,0.17751868886953617
wsg_0585,250,0.01,10,1,0.99,219.69,"144.0
",0.0,False,500,1,0.07807619047619048,0.15375918268026595
wsg_0586,250,0.01,10,2,0.37,97.19,"142.0
",0.0,False,500,1,0.08662857142857143,0.16755769548186303
wsg_0587,250,0.01,10,3,1.41,369.30,"144.0
",0.0,False,500,1,0.05897142857142857,0.14018618523453816
wsg_0588,250,0.01,10,4,1.07,267.64,"143.0
",0.0,False,500,1,0.06785714285714287,0.1400996163247104
wsg_0589,250,0.01,10,5,0.51,124.06,"143.0
",0.0,False,500,1,0.061628571428571435,0.12290527259538556
wsg_0590,250,0.01,20,1,0.44,111.87,"137.0
",0.0,False,500,1,0.008142857142857143,0.03877164379816506
wsg_0591,250,0.01,20,2,0.40,96.25,"136.0
",0.0,False,500,1,0.009657142857142857,0.040882336554762505
wsg_0592,250,0.01,20,3,2.81,687.50,"140.0
",0.0,False,500,1,0.010276190476190475,0.04062773758437073
wsg_0593,250,0.01,20,4,0.36,96.45,"135.0
",0.0,False,500,1,0.019996825396825398,0.09921754090522715
wsg_0594,250,0.01,20,5,1.77,428.89,"139.0
",0.0,False,500,1,0.021990476190476192,0.10188062419960718
wsg_0595,250,0.01,30,1,0.10,28.89,"209.0
",0.0,False,1250,1,0.6666666666666665,1.1102230246251565e-16
wsg_0596,250,0.01,30,2,0.10,28.89,"209.0
",0.0,False,1250,1,0.6666666666666665,1.1102230246251565e-16
wsg_0597,250,0.01,30,3,0.10,28.89,"209.0
",0.0,False,1250,1,0.6666666666666665,1.1102230246251565e-16
wsg_0598,250,0.01,30,4,0.10,28.89,"209.0
",0.0,False,1250,1,0.6666666666666665,1.1102230246251565e-16
wsg_0599,250,0.01,30,5,0.10,28.89,"209.0
",0.0,False,1250,1,0.6666666666666665,1.1102230246251565e-16
wsg_0600,250,0.1,2,1,0.02,5.74,"208.0
",0.0,False,1250,1,0.6651151515151514,0.0118036128796462
wsg_0601,250,0.1,2,2,0.03,7.55,"209.0
",0.0,False,1250,1,0.6656929292929292,0.010472497347519679
wsg_0602,250,0.1,2,3,0.10,28.89,"209.0
",0.0,False,1250,1,0.6666666666666665,1.1102230246251565e-16
wsg_0603,250,0.1,2,4,0.02,5.81,"208.0
",0.0,False,1250,1,0.6648262626262627,0.013003312269830944
wsg_0604,250,0.1,2,5,0.02,4.99,"208.0
",0.0,False,1250,1,0.6639878787878788,0.01508033434749513
wsg_0605,250,0.1,5,1,0.02,4.89,"205.0
",0.0,False,1250,1,0.6401191919191919,0.046510029176496666
wsg_0606,250,0.1,5,2,0.02,4.85,"206.0
",0.0,False,1250,1,0.6488606060606059,0.03891277786532074
wsg_0607,250,0.1,5,3,0.02,5.84,"207.0
",0.0,False,1250,1,0.6562025974025973,0.03230981469605064
wsg_0608,250,0.1,5,4,0.02,5.13,"206.0
",0.0,False,1250,1,0.6432178932178931,0.04651127861738175
wsg_0609,250,0.1,5,5,0.02,4.94,"206.0
",0.0,False,1250,1,0.6454444444444446,0.043586284628698325
wsg_0610,250,0.1,10,1,0.05,13.62,"198.0
",0.0,False,1250,1,0.5141686091686091,0.10402216489990297
wsg_0611,250,0.1,10,2,0.08,22.71,"195.0
",0.0,False,1250,1,0.4826625596625597,0.10862504170058408
wsg_0612,250,0.1,10,3,0.03,6.86,"193.0
",0.0,False,1250,1,0.4837159951159951,0.11289553727618061
wsg_0613,250,0.1,10,4,0.03,6.86,"193.0
",0.0,False,1250,1,0.4803328227328227,0.10626101957578561
wsg_0614,250,0.1,10,5,0.19,49.67,"193.9999999999997
",0.0,False,1250,1,0.4737163059163059,0.10592254145224947
wsg_0615,250,0.1,20,1,3.61,1183.44,"187.0
",0.0,False,1250,1,0.26723250083250083,0.1134101066061986
wsg_0616,250,0.1,20,2,7.32,2726.85,"185.0
",0.0,False,1250,1,0.23527234987234988,0.10492102862451455
wsg_0617,250,0.1,20,3,4.73,1577.97,"186.0
",0.0,False,1250,1,0.24333633033633034,0.10419545858845684
wsg_0618,250,0.1,20,4,3.40,1020.54,"184.0
",0.0,False,1250,1,0.25498053058053055,0.10845115264971508
wsg_0619,250,0.1,20,5,3.61,1112.48,"184.0
",0.0,False,1250,1,0.22904876234876229,0.09468251507936797
wsg_0620,250,0.1,30,1,178.82,75501.94,"180.0
",0.0,False,1250,1,0.11789701409701409,0.06307167363112007
wsg_0621,250,0.1,30,2,136.38,59440.66,"178.0
",0.0,False,1250,1,0.11682503052503053,0.07533243371425809
wsg_0622,250,0.1,30,3,720.02,315586.91,"180.0
",0.0,False,1250,1,0.0989357635828224,0.06648759147255179
wsg_0623,250,0.1,30,4,988.87,394643.46,"181.0
",0.0,False,1250,1,0.10752072372072373,0.06613485139059716
wsg_0624,250,0.1,30,5,115.63,46687.80,"178.0
",0.0,False,1250,1,0.10582255522255522,0.06801304462810148
wsg_0625,250,0.3,2,1,1801.40,826144.48,"176.0
",0.024879909809802356,True,1250,1,0.03641641756935874,0.030394874054966277
wsg_0626,250,0.3,2,2,1801.86,839194.70,"177.0
",0.027499829827770488,True,1250,1,0.04501050061050062,0.03066149539168194
wsg_0627,250,0.3,2,3,1802.21,884740.81,"178.0
",0.039325842696606966,True,1250,1,0.034930241688136424,0.028861249863560378
wsg_0628,250,0.3,2,4,1801.26,821779.80,"176.0
",0.02125034751180286,True,1250,1,0.03965054879760762,0.028337440813810667
wsg_0629,250,0.3,2,5,1801.73,874226.34,"176.0
",0.028977272727256555,True,1250,1,0.03410728421904892,0.027668964944059442
wsg_0630,250,0.3,5,1,0.05,14.99,"228.0
",0.0,False,2500,1,0.7105263157894737,0.0
wsg_0631,250,0.3,5,2,0.05,14.99,"228.0
",0.0,False,2500,1,0.7105263157894737,0.0
wsg_0632,250,0.3,5,3,0.04,11.25,"227.0
",0.0,False,2500,1,0.7098509607351713,0.005774198309176513
wsg_0633,250,0.3,5,4,0.05,14.99,"228.0
",0.0,False,2500,1,0.7105263157894737,0.0
wsg_0634,250,0.3,5,5,0.05,14.99,"228.0
",0.0,False,2500,1,0.7105263157894737,0.0
wsg_0635,250,0.3,10,1,0.03,9.51,"227.0
",0.0,False,2500,1,0.7095234753550542,0.006950125682325719
wsg_0636,250,0.3,10,2,0.03,9.88,"227.0
",0.0,False,2500,1,0.709654469507101,0.006392123945846059
wsg_0637,250,0.3,10,3,0.03,10.12,"227.0
",0.0,False,2500,1,0.7097854636591479,0.005946487328946339
wsg_0638,250,0.3,10,4,0.03,9.77,"227.0
",0.0,False,2500,1,0.7085503759398496,0.009615892065464813
wsg_0639,250,0.3,10,5,0.03,9.44,"227.0
",0.0,False,2500,1,0.7083896407685881,0.010184588533570455
wsg_0640,250,0.3,20,1,0.03,8.89,"223.0
",0.0,False,2500,1,0.6913084082755908,0.02912565445239821
wsg_0641,250,0.3,20,2,0.04,9.66,"223.0
",0.0,False,2500,1,0.6856318014287056,0.0346155002561302
wsg_0642,250,0.3,20,3,0.04,9.40,"225.0
",0.0,False,2500,1,0.6949439284485724,0.026626321993596467
wsg_0643,250,0.3,20,4,0.05,14.11,"224.0
",0.0,False,2500,1,0.6859045188729399,0.03516415621941681
wsg_0644,250,0.3,20,5,0.04,9.57,"224.0
",0.0,False,2500,1,0.6894246596884368,0.03012281688795015
wsg_0645,250,0.3,30,1,0.34,98.41,"214.0
",0.0,False,2500,1,0.5306838300898336,0.07845701404026664
wsg_0646,250,0.3,30,2,1.03,290.23,"215.0
",0.0,False,2500,1,0.5313431764562145,0.07585547493130342
wsg_0647,250,0.3,30,3,0.77,201.19,"215.0
",0.0,False,2500,1,0.5339429293220651,0.0772938756727206
wsg_0648,250,0.3,30,4,0.33,97.46,"213.0
",0.0,False,2500,1,0.5204559569892724,0.07459637398191127
wsg_0649,250,0.3,30,5,0.82,228.61,"214.0
",0.0,False,2500,1,0.5201378329183417,0.07453419305297683
wsg_0650,250,0.5,2,1,77.77,30024.46,"207.0
",0.0,False,2500,1,0.29159774342895356,0.07104284652605652
wsg_0651,250,0.5,2,2,43.38,17576.33,"206.0
",0.0,False,2500,1,0.27301622750581156,0.0646683693355008
wsg_0652,250,0.5,2,3,167.90,60381.05,"207.0
",0.0,False,2500,1,0.271423027177974,0.06417909826180976
wsg_0653,250,0.5,2,4,104.18,40660.50,"207.0
",0.0,False,2500,1,0.27473800639437734,0.06572038654773418
wsg_0654,250,0.5,2,5,48.56,18083.82,"205.0
",0.0,False,2500,1,0.2688269727786459,0.0700606969526311
wsg_0655,250,0.5,5,1,1800.70,805195.44,"205.0
",0.03509125519406133,True,2500,1,0.14682403806859048,0.04289891512877666
wsg_0656,250,0.5,5,2,1802.65,862190.80,"205.0
",0.03281434754800601,True,2500,1,0.14402950040860663,0.03872190725289251
wsg_0657,250,0.5,5,3,1801.59,825497.28,"201.0
",0.019062686567154315,True,2500,1,0.13655544416348028,0.04137216421667939
wsg_0658,250,0.5,5,4,1801.99,832316.62,"203.0
",0.023655250437096226,True,2500,1,0.14854511904368406,0.045972723734948234
wsg_0659,250,0.5,5,5,1801.66,876370.79,"203.0
",0.026757336486692825,True,2500,1,0.1422627039977666,0.0396847621416153
wsg_0660,250,0.5,10,1,1801.75,910488.69,"200.0
",0.050946776303577336,True,2500,1,0.07979794294655367,0.018621111855815938
wsg_0661,250,0.5,10,2,1800.00,787061.68,"201.0
",0.05811961219864568,True,2500,1,0.07760537670094271,0.01889219979401424
wsg_0662,250,0.5,10,3,1802.22,891628.99,"200.0
",0.0517290223617411,True,2500,1,0.07968728401803132,0.01873281328446176
wsg_0663,250,0.5,10,4,1802.14,915174.10,"200.0
",0.05352398989896609,True,2500,1,0.07729843389068318,0.01970143641468364
wsg_0664,250,0.5,10,5,1800.01,751314.88,"202.0
",0.06190799060592351,True,2500,1,0.07649235081854276,0.018178285645807885
wsg_0665,250,0.5,20,1,0.06,19.05,"235.0
",0.0,False,3750,1,0.7241379310344828,0.0
wsg_0666,250,0.5,20,2,0.05,17.25,"235.0
",0.0,False,3750,1,0.7240274802690821,0.0014824774214872566
wsg_0667,250,0.5,20,3,0.05,15.02,"234.0
",0.0,False,3750,1,0.723564849833148,0.004262420766509658
wsg_0668,250,0.5,20,4,0.06,19.05,"235.0
",0.0,False,3750,1,0.7241379310344828,0.0
wsg_0669,250,0.5,20,5,0.06,19.05,"235.0
",0.0,False,3750,1,0.7241379310344828,0.0
wsg_0670,250,0.5,30,1,0.06,19.95,"234.0
",0.0,False,3750,1,0.7231524762964141,0.005497785472872085
wsg_0671,250,0.5,30,2,0.05,14.10,"234.0
",0.0,False,3750,1,0.722397902431273,0.0073867318533874776
wsg_0672,250,0.5,30,3,0.05,14.38,"234.0
",0.0,False,3750,1,0.7228341755389587,0.006323778442469694
wsg_0673,250,0.5,30,4,0.04,13.57,"234.0
",0.0,False,3750,1,0.7222253509190104,0.0073118805999735454
wsg_0674,250,0.5,30,5,0.04,13.52,"233.0
",0.0,False,3750,1,0.722277472323746,0.007884057971977894
wsg_0675,250,0.9,2,1,0.04,13.44,"229.0
",0.0,False,3750,1,0.7062322745437316,0.023817951565549774
wsg_0676,250,0.9,2,2,0.07,17.94,"231.0
",0.0,False,3750,1,0.6984375767313474,0.02757809760964823
wsg_0677,250,0.9,2,3,0.05,13.28,"231.0
",0.0,False,3750,1,0.7072313717181348,0.022166852737384102
wsg_0678,250,0.9,2,4,0.04,13.07,"229.0
",0.0,False,3750,1,0.6994704248106361,0.027191420033117926
wsg_0679,250,0.9,2,5,0.05,14.23,"229.0
",0.0,False,3750,1,0.7041087401141684,0.023447402402403523
wsg_0680,250,0.9,5,1,0.56,171.86,"223.0
",0.0,False,3750,1,0.5400307472204561,0.0628138649079183
wsg_0681,250,0.9,5,2,1.77,591.47,"223.0
",0.0,False,3750,1,0.5297245426120706,0.05953135711669315
wsg_0682,250,0.9,5,3,1.24,389.13,"224.0
",0.0,False,3750,1,0.5489725159745777,0.056811739417703885
wsg_0683,250,0.9,5,4,1.39,453.04,"223.0
",0.0,False,3750,1,0.537838692970122,0.05692329986409199
wsg_0684,250,0.9,5,5,1.38,408.09,"223.0
",0.0,False,3750,1,0.5339449655684572,0.05709303300192056
wsg_0685,250,0.9,10,1,268.04,103059.98,"218.0
",0.0,False,3750,1,0.3053160086395037,0.05323517973024455
wsg_0686,250,0.9,10,2,528.62,185853.24,"217.0
",0.0,False,3750,1,0.2904198812873817,0.05085531555254711
wsg_0687,250,0.9,10,3,466.90,183477.69,"217.0
",0.0,False,3750,1,0.2930527098830024,0.050233084146337176
wsg_0688,250,0.9,10,4,681.17,276436.35,"217.0
",0.0,False,3750,1,0.29532407123832366,0.050112174511263916
wsg_0689,250,0.9,10,5,1232.65,460346.23,"218.0
",0.0,False,3750,1,0.2900407039341959,0.048973889008270384
wsg_0690,250,0.9,20,1,1802.09,870681.97,"215.0
",0.033771481165814285,True,3750,1,0.1685168809947417,0.030623620685597
wsg_0691,250,0.9,20,2,1801.51,879932.64,"214.0
",0.03227694138986937,True,3750,1,0.1763320101935993,0.02952657584411281
wsg_0692,250,0.9,20,3,1801.26,866166.49,"215.0
",0.03730461422579088,True,3750,1,0.16756164156498346,0.028888538972329143
wsg_0693,250,0.9,20,4,1801.96,877581.39,"215.0
",0.033619074442773816,True,3750,1,0.1725731238000116,0.027718073151304694
wsg_0694,250,0.9,20,5,1801.63,876339.61,"215.0
",0.034157564745144635,True,3750,1,0.17317484737978983,0.030004052701794435
wsg_0695,250,0.9,30,1,1802.17,915068.19,"213.0
",0.05733490826896422,True,3750,1,0.12001210881430975,0.014885477940675275
wsg_0696,250,0.9,30,2,1801.44,873538.11,"212.0
",0.05411907571283881,True,3750,1,0.11806192600267502,0.01512077599200467
wsg_0697,250,0.9,30,3,1802.12,900440.21,"214.0
",0.06379789860414732,True,3750,1,0.11501101057287459,0.013929501899954332
wsg_0698,250,0.9,30,4,1801.27,891076.08,"212.0
",0.05321599840158581,True,3750,1,0.1167017404231309,0.013585835286739102
wsg_0699,250,0.9,30,5,1802.22,908184.01,"212.0
",0.05163260494743212,True,3750,1,0.11700949331707947,0.014989553824802465
wsg_0700,300,0.0001,2,1,0.01,3.45,"150.0
",0.0,False,300,1,0.0,0.0
wsg_0701,300,0.0001,2,2,0.01,3.45,"150.0
",0.0,False,300,1,0.0,0.0
wsg_0702,300,0.0001,2,3,0.01,3.45,"150.0
",0.0,False,300,1,0.0,0.0
wsg_0703,300,0.0001,2,4,0.01,3.45,"150.0
",0.0,False,300,1,0.0,0.0
wsg_0704,300,0.0001,2,5,0.01,3.45,"150.0
",0.0,False,300,1,0.0,0.0
wsg_0705,300,0.0001,5,1,0.01,3.45,"150.0
",0.0,False,300,1,0.0,0.0
wsg_0706,300,0.0001,5,2,0.01,3.45,"150.0
",0.0,False,300,1,0.0,0.0
wsg_0707,300,0.0001,5,3,0.01,3.45,"150.0
",0.0,False,300,1,0.0,0.0
wsg_0708,300,0.0001,5,4,0.01,3.45,"150.0
",0.0,False,300,1,0.0,0.0
wsg_0709,300,0.0001,5,5,0.04,12.75,"150.0
",0.0,False,300,1,0.0,0.0
wsg_0710,300,0.0001,10,1,0.02,5.26,"149.0
",0.0,False,300,1,0.0,0.0
wsg_0711,300,0.0001,10,2,0.03,7.89,"150.0
",0.0,False,300,1,0.0,0.0
wsg_0712,300,0.0001,10,3,0.01,3.55,"150.0
",0.0,False,300,1,0.0,0.0
wsg_0713,300,0.0001,10,4,0.02,4.54,"149.0
",0.0,False,300,1,0.0,0.0
wsg_0714,300,0.0001,10,5,0.03,6.79,"150.0
",0.0,False,300,1,0.0,0.0
wsg_0715,300,0.0001,20,1,0.00,1.20,"146.0
",0.0,False,300,1,0.0,0.0
wsg_0716,300,0.0001,20,2,0.01,1.33,"145.0
",0.0,False,300,1,0.0,0.0
wsg_0717,300,0.0001,20,3,0.01,1.45,"145.0
",0.0,False,300,1,0.0,0.0
wsg_0718,300,0.0001,20,4,0.01,1.66,"148.0
",0.0,False,300,3,0.0,0.0
wsg_0719,300,0.0001,20,5,0.01,1.57,"148.0
",0.0,False,300,1,0.0,0.0
wsg_0720,300,0.0001,30,1,0.00,0.88,"139.0
",0.0,False,300,2,0.0,0.0
wsg_0721,300,0.0001,30,2,0.00,0.88,"137.0
",0.0,False,300,2,0.005,0.06141088092753838
wsg_0722,300,0.0001,30,3,0.00,0.79,"138.0
",0.0,False,300,3,0.0,0.0
wsg_0723,300,0.0001,30,4,0.01,0.85,"140.0
",0.0,False,300,3,0.0,0.0
wsg_0724,300,0.0001,30,5,0.00,1.00,"142.0
",0.0,False,300,1,0.0,0.0
wsg_0725,300,0.001,2,1,0.00,0.66,"128.0
",0.0,False,300,3,0.0,0.0
wsg_0726,300,0.001,2,2,0.00,0.64,"138.0
",0.0,False,300,3,0.005555555555555555,0.06358623967921997
wsg_0727,300,0.001,2,3,0.01,0.97,"138.0
",0.0,False,300,3,0.007777777777777777,0.08352570388734562
wsg_0728,300,0.001,2,4,0.00,0.77,"139.0
",0.0,False,300,1,0.0,0.0
wsg_0729,300,0.001,2,5,0.00,0.67,"134.0
",0.0,False,300,2,0.0,0.0
wsg_0730,300,0.001,5,1,0.00,0.64,"132.0
",0.0,False,300,3,0.0,0.0
wsg_0731,300,0.001,5,2,0.00,0.58,"127.0
",0.0,False,300,1,0.0,0.0
wsg_0732,300,0.001,5,3,0.00,0.54,"130.0
",0.0,False,300,4,0.0,0.0
wsg_0733,300,0.001,5,4,0.00,0.55,"130.0
",0.0,False,300,2,0.0,0.0
wsg_0734,300,0.001,5,5,0.00,0.57,"124.0
",0.0,False,300,3,0.004666666666666666,0.060800828454394766
wsg_0735,300,0.001,10,1,0.02,4.13,"200.0
",0.0,False,600,1,0.5,0.0
wsg_0736,300,0.001,10,2,0.02,4.13,"200.0
",0.0,False,600,1,0.5,0.0
wsg_0737,300,0.001,10,3,0.02,4.13,"200.0
",0.0,False,600,1,0.5,0.0
wsg_0738,300,0.001,10,4,0.02,4.13,"200.0
",0.0,False,600,1,0.5,0.0
wsg_0739,300,0.001,10,5,0.02,4.13,"200.0
",0.0,False,600,1,0.5,0.0
wsg_0740,300,0.001,20,1,0.02,3.66,"200.0
",0.0,False,600,1,0.49877777777777776,0.020239004025658407
wsg_0741,300,0.001,20,2,0.02,4.13,"200.0
",0.0,False,600,1,0.5,0.0
wsg_0742,300,0.001,20,3,0.02,4.13,"200.0
",0.0,False,600,1,0.5,0.0
wsg_0743,300,0.001,20,4,0.02,3.96,"200.0
",0.0,False,600,1,0.49877777777777776,0.02023900402565841
wsg_0744,300,0.001,20,5,0.06,16.86,"200.0
",0.0,False,600,1,0.4953333333333333,0.03421717134444072
wsg_0745,300,0.001,30,1,0.02,3.66,"198.0
",0.0,False,600,1,0.48377777777777775,0.06070409915583121
wsg_0746,300,0.001,30,2,0.02,3.70,"199.0
",0.0,False,600,1,0.487,0.058732601836786684
wsg_0747,300,0.001,30,3,0.06,17.88,"200.0
",0.0,False,600,1,0.4862222222222222,0.05418578010356683
wsg_0748,300,0.001,30,4,0.02,3.71,"199.0
",0.0,False,600,1,0.48611111111111105,0.05940808857095405
wsg_0749,300,0.001,30,5,0.02,4.36,"200.0
",0.0,False,600,1,0.48899999999999993,0.050417883364565826
wsg_0750,300,0.01,2,1,0.01,3.16,"190.0
",0.0,False,600,1,0.38176190476190475,0.16430304256439796
wsg_0751,300,0.01,2,2,0.05,13.07,"189.0
",0.0,False,600,1,0.3692222222222223,0.1628363944516848
wsg_0752,300,0.01,2,3,0.02,3.96,"192.0
",0.0,False,600,1,0.3546666666666667,0.16811724304010997
wsg_0753,300,0.01,2,4,0.16,62.91,"192.0
",0.0,False,600,1,0.38717460317460317,0.17353202171310847
wsg_0754,300,0.01,2,5,0.01,3.15,"191.0
",0.0,False,600,1,0.37711111111111106,0.16384892168031645
wsg_0755,300,0.01,5,1,0.07,17.18,"180.0
",0.0,False,600,1,0.23099999999999998,0.20774114838344002
wsg_0756,300,0.01,5,2,0.18,46.30,"178.0
",0.0,False,600,1,0.21098412698412697,0.20867356103935533
wsg_0757,300,0.01,5,3,0.10,27.94,"176.0
",0.0,False,600,1,0.18511111111111112,0.20402287947422565
wsg_0758,300,0.01,5,4,0.34,79.32,"178.0
",0.0,False,600,1,0.19542857142857142,0.22486336155119355
wsg_0759,300,0.01,5,5,0.15,38.41,"177.0
",0.0,False,600,1,0.18857142857142858,0.20203948784464404
wsg_0760,300,0.01,10,1,0.37,97.93,"168.0
",0.0,False,600,1,0.0778888888888889,0.15569968298759923
wsg_0761,300,0.01,10,2,1.41,336.04,"171.0
",0.0,False,600,1,0.06507407407407406,0.1384900091315821
wsg_0762,300,0.01,10,3,1.90,449.61,"170.0
",0.0,False,600,1,0.04997619047619048,0.1169050827590722
wsg_0763,300,0.01,10,4,1.60,396.07,"172.0
",0.0,False,600,1,0.08573015873015873,0.17174144655440823
wsg_0764,300,0.01,10,5,1.07,273.54,"170.0
",0.0,False,600,1,0.05689682539682539,0.11550521617427875
wsg_0765,300,0.01,20,1,2.60,663.54,"168.0
",0.0,False,600,1,0.014158730158730159,0.08881762449402088
wsg_0766,300,0.01,20,2,1.77,423.55,"164.0
",0.0,False,600,1,0.01171139971139971,0.06867386140436417
wsg_0767,300,0.01,20,3,2.90,700.74,"166.0
",0.0,False,600,1,0.010047619047619048,0.04293764045098555
wsg_0768,300,0.01,20,4,2.74,699.80,"167.0
",0.0,False,600,1,0.006515873015873016,0.03474727803460016
wsg_0769,300,0.01,20,5,3.18,738.43,"165.0
",0.0,False,600,1,0.012484126984126985,0.07123747409046463
wsg_0770,300,0.01,30,1,0.03,7.96,"250.0
",0.0,False,1500,1,0.6666666666666666,0.0
wsg_0771,300,0.01,30,2,0.03,7.96,"250.0
",0.0,False,1500,1,0.6666666666666666,0.0
wsg_0772,300,0.01,30,3,0.03,7.96,"250.0
",0.0,False,1500,1,0.6666666666666666,0.0
wsg_0773,300,0.01,30,4,0.03,7.96,"250.0
",0.0,False,1500,1,0.6666666666666666,0.0
wsg_0774,300,0.01,30,5,0.03,7.96,"250.0
",0.0,False,1500,1,0.6666666666666666,0.0
wsg_0775,300,0.1,2,1,0.03,7.33,"250.0
",0.0,False,1500,1,0.6651329966329965,0.011890144535568753
wsg_0776,300,0.1,2,2,0.03,7.23,"250.0
",0.0,False,1500,1,0.6658552188552189,0.009566923404190414
wsg_0777,300,0.1,2,3,0.03,7.96,"250.0
",0.0,False,1500,1,0.6666666666666666,0.0
wsg_0778,300,0.1,2,4,0.03,6.51,"250.0
",0.0,False,1500,1,0.6638400673400673,0.015932621064785192
wsg_0779,300,0.1,2,5,0.03,7.01,"249.0
",0.0,False,1500,1,0.6633585858585859,0.017622867559151094
wsg_0780,300,0.1,5,1,0.02,5.88,"247.0
",0.0,False,1500,1,0.6477450697450697,0.042961129973842015
wsg_0781,300,0.1,5,2,0.02,5.67,"247.0
",0.0,False,1500,1,0.6409427609427609,0.04862950735617631
wsg_0782,300,0.1,5,3,0.03,6.47,"248.0
",0.0,False,1500,1,0.649956228956229,0.04114687251872069
wsg_0783,300,0.1,5,4,0.03,6.28,"248.0
",0.0,False,1500,1,0.6466565656565657,0.04262401537153139
wsg_0784,300,0.1,5,5,0.05,10.85,"248.0
",0.0,False,1500,1,0.6478011063011064,0.03985431291419449
wsg_0785,300,0.1,10,1,0.31,80.52,"233.9999999999995
",0.0,False,1500,1,0.5136571576571576,0.11261133191961673
wsg_0786,300,0.1,10,2,0.28,71.69,"235.0
",0.0,False,1500,1,0.48594609094609087,0.10896136233427249
wsg_0787,300,0.1,10,3,0.28,72.55,"233.0
",0.0,False,1500,1,0.4828105228105229,0.10743245288591816
wsg_0788,300,0.1,10,4,0.43,112.20,"235.0
",0.0,False,1500,1,0.4908895733895734,0.11430653844335815
wsg_0789,300,0.1,10,5,0.17,47.91,"233.0
",0.0,False,1500,1,0.46868289118289125,0.10505038463558501
wsg_0790,300,0.1,20,1,5.84,2076.98,"224.0
",0.0,False,1500,1,0.27968063418063416,0.1113270795470969
wsg_0791,300,0.1,20,2,15.20,5713.98,"222.0
",0.0,False,1500,1,0.2520276205276205,0.10758017147670661
wsg_0792,300,0.1,20,3,23.47,8634.51,"221.0
",0.0,False,1500,1,0.2314332334332334,0.10211919576353558
wsg_0793,300,0.1,20,4,9.68,3556.48,"221.0
",0.0,False,1500,1,0.25415693565693565,0.11237791008542294
wsg_0794,300,0.1,20,5,20.40,7606.63,"222.0
",0.0,False,1500,1,0.23482140082140082,0.1056704512987322
wsg_0795,300,0.1,30,1,1801.04,801033.14,"217.0
",0.016641065028154017,True,1500,1,0.1147745495245495,0.07172095047003292
wsg_0796,300,0.1,30,2,1800.00,821528.97,"215.0
",0.008764484628644195,True,1500,1,0.11747097727980081,0.08430777264749635
wsg_0797,300,0.1,30,3,1800.92,828624.99,"214.0
",0.017507296194544462,True,1500,1,0.0838689926631103,0.05359357505815055
wsg_0798,300,0.1,30,4,1801.12,816995.66,"216.0
",0.011726011726006192,True,1500,1,0.11542920042920042,0.06849132973906392
wsg_0799,300,0.1,30,5,1784.32,797591.29,"214.0
",0.0,False,1500,1,0.0993011248011248,0.06450226458813937
wsg_0800,300,0.3,2,1,1801.26,886628.05,"211.0
",0.052204295937821756,True,1500,1,0.02981956883272673,0.026472873772998683
wsg_0801,300,0.3,2,2,1801.53,884384.79,"211.0
",0.04887164894833007,True,1500,1,0.02872418540065599,0.026757341152878877
wsg_0802,300,0.3,2,3,1801.68,889168.95,"214.0
",0.061021079290412714,True,1500,1,0.033347507268559895,0.029638271283353262
wsg_0803,300,0.3,2,4,1801.52,890390.70,"211.0
",0.04763219019956411,True,1500,1,0.02895186784892667,0.027184169386614165
wsg_0804,300,0.3,2,5,1801.51,891013.83,"212.0
",0.051658447414984085,True,1500,1,0.03224348091995151,0.02926666909592527
wsg_0805,300,0.3,5,1,0.06,18.50,"273.0
",0.0,False,3000,1,0.7105263157894736,1.1102230246251565e-16
wsg_0806,300,0.3,5,2,0.08,16.20,"273.0
",0.0,False,3000,1,0.7100181008075744,0.005153528227921812
wsg_0807,300,0.3,5,3,0.05,14.77,"273.0
",0.0,False,3000,1,0.7098543581175158,0.00562546582285043
wsg_0808,300,0.3,5,4,0.06,18.50,"273.0
",0.0,False,3000,1,0.7105263157894736,1.1102230246251565e-16
wsg_0809,300,0.3,5,5,0.06,18.50,"273.0
",0.0,False,3000,1,0.7105263157894736,1.1102230246251565e-16
wsg_0810,300,0.3,10,1,0.04,11.82,"272.0
",0.0,False,3000,1,0.7091824004455582,0.00830609887928943
wsg_0811,300,0.3,10,2,0.05,14.47,"273.0
",0.0,False,3000,1,0.708927596769702,0.008816556987569607
wsg_0812,300,0.3,10,3,0.05,14.47,"273.0
",0.0,False,3000,1,0.7093478139793927,0.007723803427263263
wsg_0813,300,0.3,10,4,0.04,11.02,"272.0
",0.0,False,3000,1,0.7072225006961848,0.01297244437251167
wsg_0814,300,0.3,10,5,0.04,10.94,"272.0
",0.0,False,3000,1,0.7085288220551377,0.009138037145553026
wsg_0815,300,0.3,20,1,0.06,18.21,"268.0
",0.0,False,3000,1,0.6946388490537098,0.027889859575902544
wsg_0816,300,0.3,20,2,0.06,17.16,"268.0
",0.0,False,3000,1,0.6817837642233926,0.03529005392851736
wsg_0817,300,0.3,20,3,0.05,12.30,"269.0
",0.0,False,3000,1,0.6907944862155388,0.030389016032727634
wsg_0818,300,0.3,20,4,0.04,10.54,"268.0
",0.0,False,3000,1,0.6880389044506692,0.035542948996830886
wsg_0819,300,0.3,20,5,0.04,10.32,"269.0
",0.0,False,3000,1,0.6930738655908935,0.028418952843837792
wsg_0820,300,0.3,30,1,1.00,286.23,"257.0
",0.0,False,3000,1,0.5344163274930201,0.07874510299635479
wsg_0821,300,0.3,30,2,1.23,353.71,"258.0
",0.0,False,3000,1,0.5226445840569545,0.08039128670016021
wsg_0822,300,0.3,30,3,1.10,323.43,"258.0
",0.0,False,3000,1,0.5337560475661499,0.07375650638630607
wsg_0823,300,0.3,30,4,0.84,240.90,"258.0
",0.0,False,3000,1,0.5190717190169876,0.07367695063601525
wsg_0824,300,0.3,30,5,0.94,273.26,"256.0
",0.0,False,3000,1,0.5177414235605109,0.0787758356161695
wsg_0825,300,0.5,2,1,196.96,79192.13,"247.99999999999997
",0.0,False,3000,1,0.2840266607472916,0.07550687049344013
wsg_0826,300,0.5,2,2,595.68,234731.43,"249.0
",0.0,False,3000,1,0.2730904816742412,0.06791333877948014
wsg_0827,300,0.5,2,3,353.97,130211.22,"248.0
",0.0,False,3000,1,0.26540261607062426,0.06583644564007442
wsg_0828,300,0.5,2,4,1404.07,505901.62,"249.0
",0.0,False,3000,1,0.2699930951008081,0.07294903359220546
wsg_0829,300,0.5,2,5,431.20,156886.84,"248.0
",0.0,False,3000,1,0.26722521143573774,0.07122274326379086
wsg_0830,300,0.5,5,1,1801.24,853874.77,"243.0
",0.03858344753798941,True,3000,1,0.13549688573799712,0.040825075055527696
wsg_0831,300,0.5,5,2,1801.77,857475.67,"246.0
",0.04901694107121009,True,3000,1,0.1372776147168865,0.044133891045560744
wsg_0832,300,0.5,5,3,1800.00,777864.30,"246.0
",0.056659583153579,True,3000,1,0.12360092518603309,0.03565357513478482
wsg_0833,300,0.5,5,4,1801.87,852942.27,"243.0
",0.0402851369268424,True,3000,1,0.13204859454545143,0.04450789952752923
wsg_0834,300,0.5,5,5,1800.82,818428.93,"244.0
",0.044973231528082726,True,3000,1,0.1337680954884145,0.040921216431681715
wsg_0835,300,0.5,10,1,1801.11,860386.09,"241.0
",0.07903335426886803,True,3000,1,0.0670550896726097,0.018061165606366905
wsg_0836,300,0.5,10,2,1801.42,860703.90,"241.0
",0.07579242811008202,True,3000,1,0.06760527486643547,0.017799300055243314
wsg_0837,300,0.5,10,3,1801.99,874175.23,"241.0
",0.07920559085358257,True,3000,1,0.0651458056106632,0.017358566701736446
wsg_0838,300,0.5,10,4,1801.50,884310.83,"242.0
",0.08196980960054204,True,3000,1,0.06360084449635517,0.01680189492107044
wsg_0839,300,0.5,10,5,1801.82,870491.19,"241.0
",0.08155935790827704,True,3000,1,0.06145984357799262,0.01942823315676483
wsg_0840,300,0.5,20,1,0.07,23.66,"282.0
",0.0,False,4500,1,0.724137931034483,2.220446049250313e-16
wsg_0841,300,0.5,20,2,0.06,17.11,"281.0
",0.0,False,4500,1,0.7233710825079013,0.005106053700924149
wsg_0842,300,0.5,20,3,0.06,18.54,"281.0
",0.0,False,4500,1,0.7236132916644598,0.0040993820971392874
wsg_0843,300,0.5,20,4,0.09,23.66,"282.0
",0.0,False,4500,1,0.724137931034483,2.220446049250313e-16
wsg_0844,300,0.5,20,5,0.07,23.66,"282.0
",0.0,False,4500,1,0.724137931034483,2.220446049250313e-16
wsg_0845,300,0.5,30,1,0.05,16.83,"281.0
",0.0,False,4500,1,0.7229087169165034,0.005952928999570251
wsg_0846,300,0.5,30,2,0.05,16.24,"281.0
",0.0,False,4500,1,0.7219389621625439,0.00836393804896462
wsg_0847,300,0.5,30,3,0.05,16.71,"281.0
",0.0,False,4500,1,0.722843812348818,0.006307559975212543
wsg_0848,300,0.5,30,4,0.05,16.53,"280.0
",0.0,False,4500,1,0.721628034676978,0.009021634570610686
wsg_0849,300,0.5,30,5,0.05,16.80,"280.0
",0.0,False,4500,1,0.7216167876123382,0.009506098896297017
wsg_0850,300,0.9,2,1,0.08,23.86,"276.0
",0.0,False,4500,1,0.7077753598452523,0.024175286101150113
wsg_0851,300,0.9,2,2,0.06,18.26,"275.0
",0.0,False,4500,1,0.6957386712749616,0.027607874526794626
wsg_0852,300,0.9,2,3,0.09,27.64,"278.0
",0.0,False,4500,1,0.7046614033719614,0.02570399048159149
wsg_0853,300,0.9,2,4,0.06,17.63,"277.0
",0.0,False,4500,1,0.7021409384913277,0.02728635093266925
wsg_0854,300,0.9,2,5,0.05,16.87,"277.0
",0.0,False,4500,1,0.7054490409685069,0.02299656691486867
wsg_0855,300,0.9,5,1,1.81,583.71,"268.0
",0.0,False,4500,1,0.5390438360687799,0.060261615927555266
wsg_0856,300,0.9,5,2,0.63,198.86,"266.00000000000006
",0.0,False,4500,1,0.5396199476441627,0.06113292395501893
wsg_0857,300,0.9,5,3,1.57,527.10,"268.0
",0.0,False,4500,1,0.550380108907724,0.06096630752633347
wsg_0858,300,0.9,5,4,2.21,732.13,"268.0
",0.0,False,4500,1,0.5425748583950263,0.05992063945606853
wsg_0859,300,0.9,5,5,2.81,965.57,"268.0
",0.0,False,4500,1,0.5330939452569995,0.0637832153225996
wsg_0860,300,0.9,10,1,1800.01,714386.10,"261.0
",0.00588988130749082,True,4500,1,0.2979820064935795,0.055626161153954766
wsg_0861,300,0.9,10,2,954.41,408814.89,"260.0
",0.0,False,4500,1,0.29401175699768084,0.05520805537910931
wsg_0862,300,0.9,10,3,1800.01,774508.10,"260.0
",0.010123575790000332,True,4500,1,0.2804854851188778,0.05330751724243353
wsg_0863,300,0.9,10,4,1755.56,666986.37,"259.0
",0.0,False,4500,1,0.28482287156202113,0.05325241352092445
wsg_0864,300,0.9,10,5,1800.01,789729.26,"261.0
",0.01082833600605136,True,4500,1,0.2870754799926175,0.05602784606206292
wsg_0865,300,0.9,20,1,1801.41,871333.42,"258.0
",0.04851969782975713,True,4500,1,0.159328894302076,0.03201063569999493
wsg_0866,300,0.9,20,2,1800.99,873309.68,"256.0
",0.04027371709893616,True,4500,1,0.16129108553634508,0.030914861978260006
wsg_0867,300,0.9,20,3,1801.25,873424.47,"258.0
",0.05499567450699557,True,4500,1,0.14969197643856705,0.028326192046089813
wsg_0868,300,0.9,20,4,1801.07,852266.34,"258.0
",0.05007990115009399,True,4500,1,0.15991692728650753,0.03154038390935781
wsg_0869,300,0.9,20,5,1801.13,860279.52,"257.0
",0.047446852878430236,True,4500,1,0.1574594599308809,0.031126428728807668
wsg_0870,300,0.9,30,1,1801.25,880793.14,"254.0
",0.08040399870172309,True,4500,1,0.09624871584319995,0.013464732950931126
wsg_0871,300,0.9,30,2,1800.99,881917.75,"255.0
",0.08171482066455898,True,4500,1,0.09727121071545224,0.013751744148239226
wsg_0872,300,0.9,30,3,1801.10,876273.04,"256.0
",0.08502726057035025,True,4500,1,0.09828823636085678,0.014124273318344033
wsg_0873,300,0.9,30,4,1801.30,880905.69,"256.0
",0.08534661491837423,True,4500,1,0.09602379712183912,0.012323495421497957
wsg_0874,300,0.9,30,5,1801.28,889029.16,"255.0
",0.08484836287514026,True,4500,1,0.09803557234494852,0.01257005227109848
wsg_0875,500,0.0001,2,1,0.02,6.74,"250.0
",0.0,False,500,1,0.0,0.0
wsg_0876,500,0.0001,2,2,0.02,6.74,"250.0
",0.0,False,500,1,0.0,0.0
wsg_0877,500,0.0001,2,3,0.02,6.74,"250.0
",0.0,False,500,1,0.0,0.0
wsg_0878,500,0.0001,2,4,0.02,6.74,"250.0
",0.0,False,500,1,0.0,0.0
wsg_0879,500,0.0001,2,5,0.02,6.74,"250.0
",0.0,False,500,1,0.0,0.0
wsg_0880,500,0.0001,5,1,0.02,6.74,"250.0
",0.0,False,500,1,0.0,0.0
wsg_0881,500,0.0001,5,2,0.02,6.74,"250.0
",0.0,False,500,1,0.0,0.0
wsg_0882,500,0.0001,5,3,0.02,6.74,"250.0
",0.0,False,500,1,0.0,0.0
wsg_0883,500,0.0001,5,4,0.10,34.80,"250.0
",0.0,False,500,1,0.0,0.0
wsg_0884,500,0.0001,5,5,0.10,34.96,"250.0
",0.0,False,500,1,0.0,0.0
wsg_0885,500,0.0001,10,1,0.08,12.90,"250.0
",0.0,False,500,1,0.0,0.0
wsg_0886,500,0.0001,10,2,0.04,10.97,"250.0
",0.0,False,500,2,0.0,0.0
wsg_0887,500,0.0001,10,3,0.06,20.40,"250.0
",0.0,False,500,1,0.0,0.0
wsg_0888,500,0.0001,10,4,0.04,13.97,"249.0
",0.0,False,500,2,0.0,0.0
wsg_0889,500,0.0001,10,5,0.04,11.89,"251.0
",0.0,False,500,2,0.0,0.0
wsg_0890,500,0.0001,20,1,0.01,3.21,"245.0
",0.0,False,500,2,0.0,0.0
wsg_0891,500,0.0001,20,2,0.01,2.86,"245.0
",0.0,False,500,1,0.0,0.0
wsg_0892,500,0.0001,20,3,0.01,2.48,"245.0
",0.0,False,500,1,0.0,0.0
wsg_0893,500,0.0001,20,4,0.01,2.41,"248.0
",0.0,False,500,3,0.0,0.0
wsg_0894,500,0.0001,20,5,0.01,2.19,"243.0
",0.0,False,500,2,0.0,0.0
wsg_0895,500,0.0001,30,1,0.01,1.42,"233.0
",0.0,False,500,2,0.0,0.0
wsg_0896,500,0.0001,30,2,0.01,1.65,"234.0
",0.0,False,500,3,0.002666666666666667,0.04586937976471885
wsg_0897,500,0.0001,30,3,0.01,1.36,"232.0
",0.0,False,500,1,0.0,0.0
wsg_0898,500,0.0001,30,4,0.01,1.47,"235.0
",0.0,False,500,3,0.003333333333333333,0.049328828623162464
wsg_0899,500,0.0001,30,5,0.01,1.31,"233.0
",0.0,False,500,3,0.0,0.0
wsg_0900,500,0.001,2,1,0.00,1.15,"223.0
",0.0,False,500,1,0.0,0.0
wsg_0901,500,0.001,2,2,0.00,1.14,"226.0
",0.0,False,500,3,0.0,0.0
wsg_0902,500,0.001,2,3,0.00,1.13,"227.0
",0.0,False,500,2,0.0,0.0
wsg_0903,500,0.001,2,4,0.01,1.30,"227.0
",0.0,False,500,4,0.0,0.0
wsg_0904,500,0.001,2,5,0.00,1.11,"221.0
",0.0,False,500,1,0.0,0.0
wsg_0905,500,0.001,5,1,0.01,1.12,"219.0
",0.0,False,500,6,0.006,0.0772269383052313
wsg_0906,500,0.001,5,2,0.00,1.04,"221.0
",0.0,False,500,3,0.004333333333333334,0.06353564179087026
wsg_0907,500,0.001,5,3,0.00,1.09,"215.0
",0.0,False,500,3,0.0,0.0
wsg_0908,500,0.001,5,4,0.00,0.99,"217.0
",0.0,False,500,2,0.0,0.0
wsg_0909,500,0.001,5,5,0.00,1.01,"215.0
",0.0,False,500,2,0.0,0.0
wsg_0910,500,0.001,10,1,0.03,9.56,"334.0
",0.0,False,1000,1,0.5,0.0
wsg_0911,500,0.001,10,2,0.03,9.56,"334.0
",0.0,False,1000,1,0.5,0.0
wsg_0912,500,0.001,10,3,0.03,9.56,"334.0
",0.0,False,1000,1,0.5,0.0
wsg_0913,500,0.001,10,4,0.03,9.56,"334.0
",0.0,False,1000,1,0.5,0.0
wsg_0914,500,0.001,10,5,0.03,9.56,"334.0
",0.0,False,1000,1,0.5,0.0
wsg_0915,500,0.001,20,1,0.03,8.38,"333.0
",0.0,False,1000,1,0.49926666666666664,0.01568849543101214
wsg_0916,500,0.001,20,2,0.03,9.56,"334.0
",0.0,False,1000,1,0.5,0.0
wsg_0917,500,0.001,20,3,0.03,9.56,"334.0
",0.0,False,1000,1,0.5,0.0
wsg_0918,500,0.001,20,4,0.03,7.59,"333.0
",0.0,False,1000,1,0.49793333333333334,0.02155499426531536
wsg_0919,500,0.001,20,5,0.03,7.57,"333.0
",0.0,False,1000,1,0.4972,0.02660292381591835
wsg_0920,500,0.001,30,1,0.03,6.26,"331.0
",0.0,False,1000,1,0.48286666666666667,0.06319110345258704
wsg_0921,500,0.001,30,2,0.03,6.63,"332.0
",0.0,False,1000,1,0.4883333333333334,0.05468597220088125
wsg_0922,500,0.001,30,3,0.03,7.41,"332.0
",0.0,False,1000,1,0.4913333333333333,0.044626847923145495
wsg_0923,500,0.001,30,4,0.03,7.22,"331.0
",0.0,False,1000,1,0.48406666666666665,0.06697857037059607
wsg_0924,500,0.001,30,5,0.09,24.61,"332.0
",0.0,False,1000,1,0.48446666666666666,0.06471170253087492
wsg_0925,500,0.01,2,1,0.08,27.69,"322.0
",0.0,False,1000,1,0.3875523809523809,0.1598109004424503
wsg_0926,500,0.01,2,2,0.10,28.05,"316.0
",0.0,False,1000,1,0.36133333333333334,0.1680687689938589
wsg_0927,500,0.01,2,3,0.05,14.57,"319.0
",0.0,False,1000,1,0.37073333333333336,0.16586177645524264
wsg_0928,500,0.01,2,4,0.02,5.68,"313.0
",0.0,False,1000,1,0.34973333333333334,0.17179424385648728
wsg_0929,500,0.01,2,5,0.02,5.83,"314.0
",0.0,False,1000,1,0.3512,0.17352778836063498
wsg_0930,500,0.01,5,1,0.42,101.76,"299.0
",0.0,False,1000,1,0.20481428571428573,0.21031416835399092
wsg_0931,500,0.01,5,2,0.41,103.62,"296.0
",0.0,False,1000,1,0.18451904761904764,0.20831368609397452
wsg_0932,500,0.01,5,3,0.40,106.04,"295.0
",0.0,False,1000,1,0.18383809523809522,0.1995150449262597
wsg_0933,500,0.01,5,4,0.03,8.38,"294.0
",0.0,False,1000,1,0.19487619047619045,0.21388227757841816
wsg_0934,500,0.01,5,5,1.23,308.16,"296.0
",0.0,False,1000,1,0.1598047619047619,0.19251468825194548
wsg_0935,500,0.01,10,1,2.51,654.88,"283.0
",0.0,False,1000,1,0.08314285714285714,0.17203888712964652
wsg_0936,500,0.01,10,2,1.35,342.90,"280.0
",0.0,False,1000,1,0.07627460317460318,0.1701438240554077
wsg_0937,500,0.01,10,3,2.64,629.53,"280.0
",0.0,False,1000,1,0.06242380952380953,0.1407067211728706
wsg_0938,500,0.01,10,4,2.87,831.64,"284.0
",0.0,False,1000,1,0.08275079365079364,0.17860112494521316
wsg_0939,500,0.01,10,5,4.15,1056.84,"284.0
",0.0,False,1000,1,0.06155238095238094,0.1339008774753255
wsg_0940,500,0.01,20,1,24.32,9354.31,"276.0
",0.0,False,1000,1,0.004833333333333333,0.049186183143692885
wsg_0941,500,0.01,20,2,22.20,8526.27,"276.0
",0.0,False,1000,1,0.002457142857142857,0.02125844850060938
wsg_0942,500,0.01,20,3,47.05,18854.91,"277.0
",0.0,False,1000,1,0.003666666666666666,0.03144483706076051
wsg_0943,500,0.01,20,4,9.82,3236.13,"275.0
",0.0,False,1000,1,0.0054238095238095235,0.03457784900370982
wsg_0944,500,0.01,20,5,12.14,4266.27,"274.0
",0.0,False,1000,1,0.007379365079365079,0.056475585955525084
wsg_0945,500,0.01,30,1,0.06,17.78,"417.0
",0.0,False,2500,1,0.6666666666666665,1.1102230246251565e-16
wsg_0946,500,0.01,30,2,0.06,17.78,"417.0
",0.0,False,2500,1,0.6666666666666665,1.1102230246251565e-16
wsg_0947,500,0.01,30,3,0.15,45.05,"417.0
",0.0,False,2500,1,0.6660353535353535,0.007756225879504046
wsg_0948,500,0.01,30,4,0.06,17.78,"417.0
",0.0,False,2500,1,0.6666666666666665,1.1102230246251565e-16
wsg_0949,500,0.01,30,5,0.06,17.78,"417.0
",0.0,False,2500,1,0.6666666666666665,1.1102230246251565e-16
wsg_0950,500,0.1,2,1,0.05,12.34,"416.0
",0.0,False,2500,1,0.6657464646464646,0.009240662138145289
wsg_0951,500,0.1,2,2,0.14,41.18,"417.0
",0.0,False,2500,1,0.6652595959595958,0.011377345311096328
wsg_0952,500,0.1,2,3,0.07,16.30,"417.0
",0.0,False,2500,1,0.6660353535353534,0.007756225879504046
wsg_0953,500,0.1,2,4,0.04,11.60,"416.0
",0.0,False,2500,1,0.6646282828282828,0.014599145994509507
wsg_0954,500,0.1,2,5,0.06,13.83,"416.0
",0.0,False,2500,1,0.664050505050505,0.015704095336754768
wsg_0955,500,0.1,5,1,0.04,9.76,"414.0
",0.0,False,2500,1,0.6501235209235208,0.040854263955095484
wsg_0956,500,0.1,5,2,0.04,9.52,"411.0
",0.0,False,2500,1,0.6396305916305917,0.04924291050508104
wsg_0957,500,0.1,5,3,0.05,11.10,"414.0
",0.0,False,2500,1,0.6511747474747475,0.036841873894717644
wsg_0958,500,0.1,5,4,0.04,9.11,"411.0
",0.0,False,2500,1,0.644093795093795,0.048662368727744446
wsg_0959,500,0.1,5,5,0.04,10.95,"412.0
",0.0,False,2500,1,0.6470767676767677,0.04153667219735946
wsg_0960,500,0.1,10,1,0.44,113.14,"393.0
",0.0,False,2500,1,0.49655007215007213,0.11025807558665877
wsg_0961,500,0.1,10,2,1.39,379.75,"390.0
",0.0,False,2500,1,0.4864955710955711,0.10769972903822206
wsg_0962,500,0.1,10,3,0.28,77.19,"390.0
",0.0,False,2500,1,0.49370666000666,0.10883671637301184
wsg_0963,500,0.1,10,4,0.36,101.59,"386.0
",0.0,False,2500,1,0.48047771117771115,0.11025901664707509
wsg_0964,500,0.1,10,5,0.42,112.28,"389.0
",0.0,False,2500,1,0.48144445554445553,0.10831543247584124
wsg_0965,500,0.1,20,1,163.78,60789.18,"371.0
",0.0,False,2500,1,0.25844768564768567,0.10661736408610041
wsg_0966,500,0.1,20,2,1800.01,718224.42,"370.0
",0.004250404250403164,True,2500,1,0.23320542496718968,0.10286772414167583
wsg_0967,500,0.1,20,3,1800.01,747121.57,"368.0
",0.008609215574853349,True,2500,1,0.2312918042741572,0.1093674818608201
wsg_0968,500,0.1,20,4,1800.01,722073.81,"369.0
",0.004363297902427594,True,2500,1,0.2360127983127983,0.10773984363979378
wsg_0969,500,0.1,20,5,497.71,189408.94,"368.0
",0.0,False,2500,1,0.2312038517038517,0.10397648692721735
wsg_0970,500,0.1,30,1,1800.00,810916.74,"359.0
",0.03959841602218968,True,2500,1,0.10485497835497835,0.07243156273955413
wsg_0971,500,0.1,30,2,1800.86,811798.85,"359.0
",0.042251076445043896,True,2500,1,0.10377569130216187,0.07364849033757093
wsg_0972,500,0.1,30,3,1800.00,823520.86,"359.0
",0.0544298292314533,True,2500,1,0.08835448734272264,0.06315767604981833
wsg_0973,500,0.1,30,4,1800.86,817224.35,"360.0
",0.04839193858071551,True,2500,1,0.10473054168054168,0.06920774222313732
wsg_0974,500,0.1,30,5,1800.00,819072.44,"359.0
",0.04953838602460204,True,2500,1,0.09298961822491235,0.068613463105882
wsg_0975,500,0.3,2,1,1800.00,879660.56,"354.0
",0.1018422763441946,True,2500,1,0.01744759750053868,0.021636439559003736
wsg_0976,500,0.3,2,2,1800.01,885571.71,"355.0
",0.1031175276856933,True,2500,1,0.017711334090745857,0.02230392019069648
wsg_0977,500,0.3,2,3,1800.01,887200.36,"352.0
",0.09461647657236495,True,2500,1,0.01760793030498913,0.02077350433454917
wsg_0978,500,0.3,2,4,1800.01,884337.70,"354.0
",0.09833512487528688,True,2500,1,0.01980067220361338,0.021899907592170587
wsg_0979,500,0.3,2,5,1800.07,874731.58,"355.0
",0.10028605211417035,True,2500,1,0.018714849529555412,0.021758681664112867
wsg_0980,500,0.3,5,1,0.10,32.19,"455.0
",0.0,False,5000,1,0.7105263157894737,0.0
wsg_0981,500,0.3,5,2,0.18,58.24,"455.0
",0.0,False,5000,1,0.7101231411862992,0.0043698839734633245
wsg_0982,500,0.3,5,3,0.07,21.29,"454.0
",0.0,False,5000,1,0.7100576441102756,0.0047316881961378164
wsg_0983,500,0.3,5,4,0.10,32.19,"455.0
",0.0,False,5000,1,0.7105263157894737,0.0
wsg_0984,500,0.3,5,5,0.10,32.19,"455.0
",0.0,False,5000,1,0.7105263157894737,0.0
wsg_0985,500,0.3,10,1,0.06,19.51,"454.0
",0.0,False,5000,1,0.7092512949039265,0.007840950190199559
wsg_0986,500,0.3,10,2,0.08,21.25,"454.0
",0.0,False,5000,1,0.7071487050960735,0.012405595097376558
wsg_0987,500,0.3,10,3,0.06,19.76,"454.0
",0.0,False,5000,1,0.70898111946533,0.008722509463631714
wsg_0988,500,0.3,10,4,0.07,20.59,"454.0
",0.0,False,5000,1,0.7088066833751044,0.008705111685149005
wsg_0989,500,0.3,10,5,0.07,19.61,"454.0
",0.0,False,5000,1,0.7082512949039265,0.010205203497380343
wsg_0990,500,0.3,20,1,0.08,19.50,"448.0
",0.0,False,5000,1,0.6945441098289395,0.02855544036066839
wsg_0991,500,0.3,20,2,0.09,27.02,"446.0
",0.0,False,5000,1,0.6819975283574355,0.03635820694786082
wsg_0992,500,0.3,20,3,0.07,19.79,"448.0
",0.0,False,5000,1,0.6936169772256728,0.02859079097676605
wsg_0993,500,0.3,20,4,0.06,17.89,"448.0
",0.0,False,5000,1,0.6859776321373845,0.03518492640241757
wsg_0994,500,0.3,20,5,0.12,35.79,"449.0
",0.0,False,5000,1,0.6932474805552205,0.027824418004559804
wsg_0995,500,0.3,30,1,3.29,1008.85,"429.00000000000006
",0.0,False,5000,1,0.5231440372418297,0.07559251354179687
wsg_0996,500,0.3,30,2,2.90,901.12,"426.99999999999994
",0.0,False,5000,1,0.5131478804913547,0.08300176193449427
wsg_0997,500,0.3,30,3,3.20,1030.34,"427.99999999999966
",0.0,False,5000,1,0.5306509165360895,0.07276470253570515
wsg_0998,500,0.3,30,4,2.89,873.77,"427.0
",0.0,False,5000,1,0.5180051093497521,0.07486310601677025
wsg_0999,500,0.3,30,5,5.31,1828.14,"429.0
",0.0,False,5000,1,0.5158747274584198,0.0786052571465939
wsg_1000,500,0.5,2,1,1800.00,783523.38,"414.0
",0.017712329004564535,True,5000,1,0.2706539909124443,0.065958369312897
wsg_1001,500,0.5,2,2,1800.76,779604.37,"413.0
",0.019861227712448828,True,5000,1,0.25461478130938625,0.06704744769153888
wsg_1002,500,0.5,2,3,1800.57,792125.54,"414.0
",0.02343272621788133,True,5000,1,0.2575311441200349,0.07153232126235423
wsg_1003,500,0.5,2,4,1800.59,783497.04,"415.0
",0.022808934327302837,True,5000,1,0.2601740036824624,0.0710750051729299
wsg_1004,500,0.5,2,5,1800.87,795509.49,"414.0
",0.024270599828503086,True,5000,1,0.2531405172914959,0.06966798048625658
wsg_1005,500,0.5,5,1,1800.69,863198.47,"409.0
",0.07611859673616114,True,5000,1,0.11543042674827701,0.04061011919726653
wsg_1006,500,0.5,5,2,1800.69,853084.00,"410.0
",0.08021040059435001,True,5000,1,0.11566144533109494,0.03819463172103591
wsg_1007,500,0.5,5,3,1800.75,864327.60,"408.0
",0.08345274756429673,True,5000,1,0.10643034421115993,0.04095936928196155
wsg_1008,500,0.5,5,4,1800.01,850868.66,"409.0
",0.07658693234388143,True,5000,1,0.11742726619904974,0.044824464885786654
wsg_1009,500,0.5,5,5,1800.63,854459.20,"408.0
",0.07181036846109444,True,5000,1,0.1215773783664323,0.0432279026065283
wsg_1010,500,0.5,10,1,1800.80,894488.87,"405.0
",0.1425597158580598,True,5000,1,0.03902325615000685,0.015282572812652039
wsg_1011,500,0.5,10,2,1800.84,895878.43,"404.0
",0.12951544524670502,True,5000,1,0.04073767679413861,0.01467703175351201
wsg_1012,500,0.5,10,3,1800.90,914946.76,"403.0
",0.13421011266668428,True,5000,1,0.03937672430485948,0.014466463051687079
wsg_1013,500,0.5,10,4,1800.61,889245.56,"400.0
",0.12978703275497505,True,5000,1,0.039026461620223205,0.014496350399501251
wsg_1014,500,0.5,10,5,1800.87,877076.20,"404.0
",0.13798664918240935,True,5000,1,0.03857199040660959,0.013731681451306613
wsg_1015,500,0.5,20,1,0.16,45.52,"469.0
",0.0,False,7500,1,0.7241379310344828,0.0
wsg_1016,500,0.5,20,2,0.20,70.70,"469.0
",0.0,False,7500,1,0.7238231474124689,0.003185752548373217
wsg_1017,500,0.5,20,3,0.09,29.10,"468.0
",0.0,False,7500,1,0.7237949043911225,0.003363308482656407
wsg_1018,500,0.5,20,4,0.25,82.60,"469.0
",0.0,False,7500,1,0.7239219979871816,0.002738035762355558
wsg_1019,500,0.5,20,5,0.14,45.52,"469.0
",0.0,False,7500,1,0.7241379310344828,0.0
wsg_1020,500,0.5,30,1,0.09,27.83,"467.0
",0.0,False,7500,1,0.7220237406642301,0.008178628351425344
wsg_1021,500,0.5,30,2,0.09,26.37,"468.0
",0.0,False,7500,1,0.7212397584617829,0.009318137368989428
wsg_1022,500,0.5,30,3,0.09,28.00,"468.0
",0.0,False,7500,1,0.7224471952963609,0.00737420783542196
wsg_1023,500,0.5,30,4,0.09,28.05,"468.0
",0.0,False,7500,1,0.7218314317495631,0.00844458107663394
wsg_1024,500,0.5,30,5,0.08,28.60,"466.0
",0.0,False,7500,1,0.7213883680279676,0.009668599979076077
wsg_1025,500,0.9,2,1,0.14,44.48,"462.0
",0.0,False,7500,1,0.7079200218724133,0.023584130264409104
wsg_1026,500,0.9,2,2,0.12,35.31,"460.0
",0.0,False,7500,1,0.6965313754304855,0.029004659734749385
wsg_1027,500,0.9,2,3,0.15,46.33,"461.9999999999999
",0.0,False,7500,1,0.7049170179602047,0.024181688210883172
wsg_1028,500,0.9,2,4,0.14,46.44,"461.0
",0.0,False,7500,1,0.6998928359145489,0.02873609464076987
wsg_1029,500,0.9,2,5,0.10,31.30,"461.0
",0.0,False,7500,1,0.7082750086810153,0.02254471267093687
wsg_1030,500,0.9,5,1,16.53,6520.49,"447.0
",0.0,False,7500,1,0.5338360651559539,0.06263177820975747
wsg_1031,500,0.9,5,2,6.40,2164.18,"445.0
",0.0,False,7500,1,0.5234663295250556,0.06744764341800658
wsg_1032,500,0.9,5,3,17.31,6909.00,"446.0
",0.0,False,7500,1,0.5378102221812985,0.0627594139007623
wsg_1033,500,0.9,5,4,10.01,3757.99,"446.0
",0.0,False,7500,1,0.5330807153724133,0.06267497323497566
wsg_1034,500,0.9,5,5,30.93,12021.75,"445.0
",0.0,False,7500,1,0.5248220618789801,0.06074714616143296
wsg_1035,500,0.9,10,1,1800.00,828301.45,"435.0
",0.030908039904202014,True,7500,1,0.27454994942706323,0.05430108236170353
wsg_1036,500,0.9,10,2,1800.61,826089.83,"434.0
",0.030117203315954643,True,7500,1,0.2661594662766739,0.05132924674425466
wsg_1037,500,0.9,10,3,1800.01,816182.30,"434.0
",0.028838406730120253,True,7500,1,0.2695727587689661,0.05449920435541634
wsg_1038,500,0.9,10,4,1800.83,824505.52,"436.0
",0.03207210143142533,True,7500,1,0.2707928093061967,0.05943357665179568
wsg_1039,500,0.9,10,5,1800.01,813459.92,"434.0
",0.028952290461397773,True,7500,1,0.26780450652336474,0.05602187787581071
wsg_1040,500,0.9,20,1,1800.01,878201.47,"429.0
",0.07863765679705093,True,7500,1,0.12979159226590747,0.03071186769707957
wsg_1041,500,0.9,20,2,1800.01,879127.38,"431.0
",0.08114684377030737,True,7500,1,0.13237550284252003,0.033360553251732976
wsg_1042,500,0.9,20,3,1800.01,879204.74,"430.0
",0.08613869944856117,True,7500,1,0.12344788187101559,0.0312860137175859
wsg_1043,500,0.9,20,4,1800.01,881475.88,"430.0
",0.08132235984504645,True,7500,1,0.1304869836383012,0.030892142563942078
wsg_1044,500,0.9,20,5,1800.01,881255.42,"428.0
",0.07489089476297697,True,7500,1,0.13312139901698516,0.03129503115286376
wsg_1045,500,0.9,30,1,1800.01,871160.08,"426.0
",0.14063335992161846,True,7500,1,0.059623709252786865,0.011152302576214843
wsg_1046,500,0.9,30,2,1800.01,879457.28,"425.0
",0.14100869895051962,True,7500,1,0.05713205196668027,0.011584625243538179
wsg_1047,500,0.9,30,3,1800.01,874303.46,"425.0
",0.13841511537540938,True,7500,1,0.05842883370698178,0.010952641654423563
wsg_1048,500,0.9,30,4,1800.01,886617.13,"423.0
",0.12855172523227654,True,7500,1,0.05990697562035489,0.011506033355834949
wsg_1049,500,0.9,30,5,1800.01,883335.46,"424.0
",0.13507893099604906,True,7500,1,0.05885102892035769,0.010753840504273488
